{"data":{"backup":"o{\"西洋剑盾\":{\"version\":\"2.90\",\"lang\":\"0\",\"buffSkillSwitch\":true,\"debuffSkillSwitch\":true,\"skillSwitch\":true,\"hp1\":75,\"mp1\":75,\"sp1\":75,\"attackStatus\":0,\"pauseButton\":true,\"pauseHotkey\":true,\"pauseHotkeyStr\":\" \",\"pauseHotkeyCode\":32,\"notification\":true,\"riddleRadio\":true,\"turnOnSS\":true,\"turnOnSSCondition\":{\"0\":[\"oc,1,249\"]},\"delayAlertTime\":0,\"delayReloadTime\":0,\"riddleAnswerTime\":1,\"staminaLose\":5,\"staminaPause\":true,\"staminaWarn\":true,\"idleArenaTime\":60,\"idleArenaLevels\":\"GF\",\"idleArenaValue\":\"gr\",\"arLevel\":{\"GF\":true},\"idleArenaGrTime\":999,\"repairValue\":0,\"autoPause\":true,\"pauseCondition\":{\"0\":[\"hp,2,30\"]},\"staminaLow\":30,\"delay\":200,\"delay2\":30,\"itemOrderName\":\"Cure,FC,HP,MP,SP,ME\",\"itemOrderValue\":\"311,313,11195,11295,11395,11299\",\"itemOrder\":{\"Cure\":true,\"FC\":true,\"HP\":true,\"MP\":true,\"ME\":true,\"SP\":true},\"item\":{\"Cure\":true,\"FC\":true,\"HP\":true,\"MP\":true,\"ME\":true,\"SP\":true},\"itemCureCondition\":{\"0\":[\"hp,2,60\"]},\"itemFCCondition\":{\"0\":[\"hp,2,40\"]},\"itemHPCondition\":{\"0\":[\"hp,2,50\"]},\"itemMPCondition\":{\"0\":[\"mp,2,50\"]},\"itemMECondition\":{\"0\":[\"mp,2,10\"]},\"itemSPCondition\":{\"0\":[\"sp,2,50\"]},\"channelSkill\":{\"AF\":true,\"He\":true,\"Re\":true},\"channelSkill2\":true,\"channelSkill2OrderName\":\"Cu,FC,AF,He,Re\",\"channelSkill2OrderValue\":\"311,313,432,431,312\",\"channelSkill2Order\":{\"Cu\":true,\"FC\":true,\"AF\":true,\"He\":true,\"Re\":true},\"buffSkillOrderValue\":\"Re,He\",\"buffSkillOrder\":{\"He\":true,\"Re\":true},\"buffSkill\":{\"HD\":true,\"MD\":true,\"SD\":true,\"He\":true,\"Re\":true,\"Ab\":true},\"buffSkillHDCondition\":{\"0\":[\"hp,2,70\"]},\"buffSkillMDCondition\":{\"0\":[\"hp,2,70\"]},\"buffSkillSDCondition\":{\"0\":[\"sp,2,70\"]},\"buffSkillHeCondition\":{\"0\":[\"_buffTurn_,2,2\"]},\"buffSkillReCondition\":{\"0\":[\"hp,2,80\"]},\"buffSkillAbCondition\":{\"0\":[\"_buffTurn_,2,1\"]},\"debuffSkillOrderValue\":\"Slo,Im,Si,Dr,We,MN,Bl\",\"debuffSkillOrder\":{\"Bl\":true,\"Slo\":true,\"Im\":true,\"MN\":true,\"Si\":true,\"Dr\":true,\"We\":true},\"debuffSkill\":{\"Bl\":true,\"Slo\":true,\"Im\":true,\"MN\":true,\"Si\":true,\"Dr\":true,\"We\":true},\"debuffSkillBlCondition\":{\"0\":[\"monsterAlive,4,bossAll\",\"_buffTurn_,2,1\",\"mp,1,50\"]},\"debuffSkillImCondition\":{\"0\":[\"monsterAlive,4,bossAll\",\"_buffTurn_,2,1\",\"mp,1,50\"]},\"debuffSkillMNCondition\":{\"0\":[\"monsterAlive,4,bossAll\",\"_buffTurn_,2,1\",\"mp,1,50\"]},\"debuffSkillSiCondition\":{\"0\":[\"monsterAlive,4,bossAll\",\"_buffTurn_,2,1\",\"mp,1,50\"]},\"debuffSkillDrCondition\":{\"0\":[\"monsterAlive,4,bossAll\",\"_buffTurn_,2,1\",\"mp,1,50\"]},\"debuffSkillWeCondition\":{\"0\":[\"monsterAlive,4,bossAll\",\"_buffTurn_,2,1\",\"mp,1,50\"]},\"debuffSkillTurn\":{\"Sle\":0,\"Bl\":1,\"Slo\":1,\"Im\":1,\"MN\":1,\"Si\":1,\"Dr\":1,\"We\":1,\"Co\":0},\"skillOrderValue\":\"OFC,T3,T2,T1\",\"skillOrder\":{\"OFC\":true,\"T3\":true,\"T2\":true,\"T1\":true},\"skill\":{\"OFC\":true,\"T3\":true,\"T2\":true,\"T1\":true},\"skillOFCCondition\":{\"0\":[\"oc,1,200\"]},\"fightingStyle\":\"2\",\"mercifulBlow\":true,\"skillT3Condition\":{\"0\":[\"oc,2,200\"]},\"skillT2Condition\":{\"0\":[\"oc,2,200\"]},\"skillT1Condition\":{\"0\":[\"oc,2,200\"]},\"weight\":{\"Sle\":5,\"Bl\":3,\"Slo\":3,\"Im\":-5,\"MN\":-4,\"Si\":-4,\"Dr\":-4,\"We\":-4,\"Co\":-1,\"CM\":-5,\"Stun\":-4,\"PA\":-4,\"BW\":-4},\"dropQuality\":\"5\",\"roundNow\":\"1\",\"roundAll\":\"60\"}}","lastEncounter":"shttps://hentaiverse.org/?s=Battle&ss=ba&encounter=MzMyMTQ2NS0xNjE1MTM2MjUxLWMyYThmYzAwZGE0MDc5NDhhNGRmMDg5MzZlNjAxNWVjNWUxNmNhMDA=","monsterStatus":"o[{\"order\":0,\"id\":1,\"hp\":170132,\"isDead\":false,\"hpNow\":136106},{\"order\":1,\"id\":2,\"hp\":135262,\"isDead\":true,\"hpNow\":null},{\"order\":2,\"id\":3,\"hp\":154542,\"isDead\":false,\"hpNow\":148103},{\"order\":3,\"id\":4,\"hp\":132130,\"isDead\":true,\"hpNow\":null}]","option":"o{\"version\":\"2.90\",\"lang\":\"0\",\"buffSkillSwitch\":true,\"debuffSkillSwitch\":true,\"skillSwitch\":true,\"hp1\":75,\"mp1\":75,\"sp1\":75,\"attackStatus\":0,\"pauseButton\":true,\"pauseHotkey\":true,\"pauseHotkeyStr\":\" \",\"pauseHotkeyCode\":32,\"notification\":true,\"riddleRadio\":true,\"turnOnSS\":true,\"turnOnSSCondition\":{\"0\":[\"oc,1,249\"]},\"delayAlertTime\":0,\"delayReloadTime\":0,\"riddleAnswerTime\":1,\"staminaLose\":5,\"staminaPause\":true,\"staminaWarn\":true,\"idleArenaTime\":60,\"idleArenaLevels\":\"GF\",\"idleArenaValue\":\"gr\",\"arLevel\":{\"GF\":true},\"idleArenaGrTime\":999,\"repairValue\":0,\"autoPause\":true,\"pauseCondition\":{\"0\":[\"hp,2,30\"]},\"staminaLow\":30,\"delay\":200,\"delay2\":30,\"itemOrderName\":\"Cure,FC,HP,MP,SP,ME\",\"itemOrderValue\":\"311,313,11195,11295,11395,11299\",\"itemOrder\":{\"Cure\":true,\"FC\":true,\"HP\":true,\"MP\":true,\"ME\":true,\"SP\":true},\"item\":{\"Cure\":true,\"FC\":true,\"HP\":true,\"MP\":true,\"ME\":true,\"SP\":true},\"itemCureCondition\":{\"0\":[\"hp,2,60\"]},\"itemFCCondition\":{\"0\":[\"hp,2,40\"]},\"itemHPCondition\":{\"0\":[\"hp,2,50\"]},\"itemMPCondition\":{\"0\":[\"mp,2,50\"]},\"itemMECondition\":{\"0\":[\"mp,2,10\"]},\"itemSPCondition\":{\"0\":[\"sp,2,50\"]},\"channelSkill\":{\"AF\":true,\"He\":true,\"Re\":true},\"channelSkill2\":true,\"channelSkill2OrderName\":\"Cu,FC,AF,He,Re\",\"channelSkill2OrderValue\":\"311,313,432,431,312\",\"channelSkill2Order\":{\"Cu\":true,\"FC\":true,\"AF\":true,\"He\":true,\"Re\":true},\"buffSkillOrderValue\":\"Re,He\",\"buffSkillOrder\":{\"He\":true,\"Re\":true},\"buffSkill\":{\"HD\":true,\"MD\":true,\"SD\":true,\"He\":true,\"Re\":true,\"Ab\":true},\"buffSkillHDCondition\":{\"0\":[\"hp,2,70\"]},\"buffSkillMDCondition\":{\"0\":[\"hp,2,70\"]},\"buffSkillSDCondition\":{\"0\":[\"sp,2,70\"]},\"buffSkillHeCondition\":{\"0\":[\"_buffTurn_,2,2\"]},\"buffSkillReCondition\":{\"0\":[\"hp,2,80\"]},\"buffSkillAbCondition\":{\"0\":[\"_buffTurn_,2,1\"]},\"debuffSkillOrderValue\":\"Slo,Im,Si,Dr,We,MN,Bl\",\"debuffSkillOrder\":{\"Bl\":true,\"Slo\":true,\"Im\":true,\"MN\":true,\"Si\":true,\"Dr\":true,\"We\":true},\"debuffSkill\":{\"Bl\":true,\"Slo\":true,\"Im\":true,\"MN\":true,\"Si\":true,\"Dr\":true,\"We\":true},\"debuffSkillBlCondition\":{\"0\":[\"monsterAlive,4,bossAll\",\"_buffTurn_,2,1\",\"mp,1,50\"]},\"debuffSkillImCondition\":{\"0\":[\"monsterAlive,4,bossAll\",\"_buffTurn_,2,1\",\"mp,1,50\"]},\"debuffSkillMNCondition\":{\"0\":[\"monsterAlive,4,bossAll\",\"_buffTurn_,2,1\",\"mp,1,50\"]},\"debuffSkillSiCondition\":{\"0\":[\"monsterAlive,4,bossAll\",\"_buffTurn_,2,1\",\"mp,1,50\"]},\"debuffSkillDrCondition\":{\"0\":[\"monsterAlive,4,bossAll\",\"_buffTurn_,2,1\",\"mp,1,50\"]},\"debuffSkillWeCondition\":{\"0\":[\"monsterAlive,4,bossAll\",\"_buffTurn_,2,1\",\"mp,1,50\"]},\"debuffSkillTurn\":{\"Sle\":0,\"Bl\":1,\"Slo\":1,\"Im\":1,\"MN\":1,\"Si\":1,\"Dr\":1,\"We\":1,\"Co\":0},\"skillOrderValue\":\"OFC,T3,T2,T1\",\"skillOrder\":{\"OFC\":true,\"T3\":true,\"T2\":true,\"T1\":true},\"skill\":{\"OFC\":true,\"T3\":true,\"T2\":true,\"T1\":true},\"skillOFCCondition\":{\"0\":[\"oc,1,200\"]},\"fightingStyle\":\"2\",\"mercifulBlow\":true,\"skillT3Condition\":{\"0\":[\"oc,2,200\"]},\"skillT2Condition\":{\"0\":[\"oc,2,200\"]},\"skillT1Condition\":{\"0\":[\"oc,2,200\"]},\"weight\":{\"Sle\":5,\"Bl\":3,\"Slo\":3,\"Im\":-5,\"MN\":-4,\"Si\":-4,\"Dr\":-4,\"We\":-4,\"Co\":-1,\"CM\":-5,\"Stun\":-4,\"PA\":-4,\"BW\":-4},\"dropQuality\":\"5\",\"roundNow\":\"1\",\"roundAll\":\"60\"}","roundAll":"n70","roundNow":"n6","roundType":"sar","staminaLostLog":"o{\"2020/4/9 22:39:57\":3,\"2020/4/10 18:30:53\":3,\"2020/4/12 11:51:28\":3,\"2020/4/17 17:00:58\":1,\"2020/4/18 13:37:48\":2,\"2020/4/21 20:17:45\":1,\"2020/4/26 17:30:38\":1,\"2020/4/27 23:26:40\":2,\"2020/4/29 10:04:32\":2,\"2020/4/29 17:13:03\":3,\"2020/5/3 18:45:45\":1,\"2020/5/10 19:14:15\":2,\"2020/5/16 18:26:48\":1,\"2020/5/17 14:26:41\":2,\"2020/5/17 14:35:14\":3,\"2020/5/17 15:51:12\":5,\"2020/5/18 11:20:11\":5,\"2020/5/19 11:16:31\":7,\"2020/5/19 17:03:28\":3,\"2020/5/19 17:25:12\":5,\"2020/5/20 21:24:24\":7,\"2020/5/22 11:16:14\":7,\"2020/5/22 18:12:07\":5,\"2020/5/23 11:21:48\":5,\"2020/5/23 20:50:02\":5,\"2020/5/24 13:16:16\":7,\"2020/5/24 19:49:45\":7,\"2020/5/24 20:18:56\":10,\"2020/5/25 15:32:54\":10,\"2020/5/25 15:40:20\":10,\"2020/5/25 16:11:44\":15,\"2020/5/25 20:10:42\":10,\"2020/5/27 12:22:38\":7,\"2020/5/28 17:07:52\":5,\"2020/5/28 17:13:32\":5,\"2020/5/29 12:43:52\":5,\"2020/5/29 13:42:54\":5,\"2020/5/30 11:48:47\":7,\"2020/5/30 22:53:38\":5,\"2020/5/31 11:13:48\":5,\"2020/5/31 11:13:49\":5,\"2020/5/31 17:00:50\":2,\"2020/6/2 11:33:58\":2,\"2020/6/2 12:55:39\":3,\"2020/6/3 11:24:35\":5,\"2020/6/3 12:32:58\":5,\"2020/6/3 14:52:18\":7,\"2020/6/7 10:43:17\":10,\"2020/6/7 10:43:22\":10,\"2020/6/7 10:43:23\":10,\"2020/6/7 10:49:12\":10,\"2020/6/7 11:13:13\":15,\"2020/6/7 20:34:09\":7,\"2020/6/8 16:40:39\":5,\"2020/6/8 17:38:40\":5,\"2020/6/9 09:56:13\":5,\"2020/6/9 11:29:24\":5,\"2020/6/10 11:04:07\":5,\"2020/6/10 11:04:09\":5,\"2020/6/10 11:13:12\":5,\"2020/6/11 12:56:38\":5,\"2020/6/12 11:16:14\":7,\"2020/6/12 13:55:45\":10,\"2020/6/13 15:52:46\":5,\"2020/6/14 10:05:16\":5,\"2020/6/14 12:55:49\":5,\"2020/6/14 17:04:15\":7,\"2020/6/14 19:04:13\":7,\"2020/6/15 09:49:10\":7,\"2020/6/15 14:48:47\":7,\"2020/6/15 20:34:58\":10,\"2020/6/17 21:30:07\":10,\"2020/6/18 15:03:49\":10,\"2020/6/19 11:24:29\":10,\"2020/6/20 10:52:01\":3,\"2020/6/21 11:15:45\":3,\"2020/6/27 15:10:58\":1,\"2020/6/30 11:24:37\":2,\"2020/7/6 18:59:26\":1,\"2020/7/7 18:24:04\":2,\"2020/7/7 18:51:15\":3,\"2020/7/7 20:54:29\":5,\"2020/7/21 22:50:03\":1,\"2020/7/22 11:05:44\":2,\"2020/7/24 21:53:07\":1,\"2020/7/27 12:01:44\":3,\"2020/7/28 20:22:11\":2,\"2020/8/2 15:07:45\":2,\"2020/8/2 18:39:26\":2,\"2020/8/4 11:35:38\":5,\"2020/8/8 13:32:20\":3,\"2020/8/9 23:11:04\":1,\"2020/8/17 12:18:48\":1,\"2020/8/22 16:00:26\":1,\"2020/8/24 12:11:14\":1,\"2020/8/25 10:23:48\":2,\"2020/8/28 11:05:52\":1,\"2020/9/3 17:34:05\":1,\"2020/9/3 19:17:03\":2,\"2020/9/4 14:38:13\":3,\"2020/9/5 22:18:40\":1,\"2020/9/6 14:59:50\":2,\"2020/9/7 13:12:28\":3,\"2020/9/8 21:43:23\":2,\"2020/9/21 24:44:44\":1,\"2020/9/26 24:10:51\":2,\"2020/9/28 16:20:00\":1,\"2020/9/29 24:05:53\":2,\"2020/10/1 09:59:48\":2,\"2020/10/1 18:23:44\":3,\"2020/11/8 16:09:09\":2,\"2020/11/14 21:58:15\":1,\"2020/11/18 12:35:57\":1,\"2020/11/22 22:33:30\":2,\"2020/11/23 01:36:19\":2,\"2020/11/23 15:13:24\":3,\"2020/11/25 03:19:09\":3,\"2020/11/25 03:35:58\":3,\"2020/11/26 13:47:06\":3,\"2020/11/26 22:06:10\":5,\"2020/11/30 22:07:07\":1,\"2020/12/3 01:03:26\":2,\"2020/12/3 20:03:43\":1,\"2020/12/4 15:43:17\":2,\"2020/12/5 12:53:25\":3,\"2020/12/6 09:32:57\":2,\"2020/12/8 10:58:41\":2,\"2020/12/10 13:51:01\":2,\"2020/12/11 19:53:14\":2,\"2020/12/13 02:03:08\":1,\"2020/12/14 04:49:13\":2,\"2020/12/15 16:22:50\":3,\"2020/12/15 16:41:27\":5,\"2020/12/22 23:23:13\":1,\"2020/12/27 17:26:08\":2,\"2020/12/28 11:22:55\":2,\"2021/1/2 05:16:05\":3,\"2021/1/3 23:41:24\":3,\"2021/1/4 24:41:34\":3,\"2021/1/7 14:23:07\":1,\"2021/1/8 19:54:54\":2,\"2021/1/9 15:04:05\":2,\"2021/1/19 10:56:08\":3,\"2021/1/19 13:07:12\":3,\"2021/1/19 14:46:07\":5,\"2021/1/2113:15:59\":5,\"2021/1/2201:57:34\":7,\"2021/1/3104:48:38\":1,\"2021/1/3105:13:54\":2,\"2021/1/3105:52:08\":3,\"2021/2/720:11:36\":2,\"2021/2/1215:05:37\":2,\"2021/2/1419:47:10\":1,\"2021/2/1512:48:26\":2,\"2021/2/1515:03:20\":3,\"2021/2/1813:27:10\":1,\"2021/2/1815:57:48\":2,\"2021/2/1816:19:51\":3,\"2021/2/1817:36:35\":5,\"2021/2/1817:48:14\":5,\"2021/2/1819:11:53\":7,\"2021/2/1914:12:47\":10,\"2021/2/1914:53:09\":15,\"2021/2/2112:32:26\":15,\"2021/2/2313:23:16\":5,\"2021/2/2315:42:12\":3,\"2021/2/2319:43:15\":3,\"2021/2/2321:33:28\":5,\"2021/2/2523:03:09\":7,\"2021/2/2622:57:59\":10,\"2021/2/2701:29:23\":15,\"2021/2/2714:34:27\":15,\"2021/2/2723:10:35\":10,\"2021/2/2723:41:02\":10,\"2021/3/821:08:47\":1,\"2021/3/924:50:36\":2}","url":"shttps://hentaiverse.org"},"ts":1615229564350}