{"data":{"historyRecommend":"s[{\"title\":\"25年的再会！长野博拍摄《迪迦奥特曼》SHF真骨雕可动手办宣传片\",\"cover\":\"https://i0.hdslb.com/bfs/archive/acd6613045fe689ca3d3e2ffc95ce41c0ec16846.jpg\",\"uri\":\"bilibili://video/331929842\",\"param\":\"331929842\",\"goto\":\"av\",\"desc\":\"950弹幕\",\"play\":814666,\"danmaku\":950,\"reply\":1755,\"favorite\":8734,\"coin\":2399,\"share\":8464,\"like\":39541,\"duration\":164,\"idx\":1615183759,\"cid\":306157510,\"tid\":210,\"tname\":\"手办·模玩\",\"tag\":{\"tag_id\":13784,\"tag_name\":\"迪迦奥特曼\",\"count\":{\"atten\":36029}},\"dislike_reasons\":[{\"reason_id\":4,\"reason_name\":\"UP主:二柄APP\"},{\"reason_id\":2,\"reason_name\":\"分区:手办·模玩\"},{\"reason_id\":3,\"reason_name\":\"标签:迪迦奥特曼\"},{\"reason_id\":1,\"reason_name\":\"不感兴趣\"}],\"ctime\":1614911792,\"autoplay\":1,\"mid\":90668673,\"name\":\"二柄APP\",\"face\":\"http://i2.hdslb.com/bfs/face/5183526ce5e999aee5dabbf261fad0b4a1ef66ac.jpg\",\"official\":{\"role\":3,\"title\":\"二柄APP官方账号\"},\"autoplay_card\":2},{\"title\":\"“我要是没赢过你，我用鼻子倒立！”\",\"cover\":\"https://i2.hdslb.com/bfs/archive/f26cf2eeffae6e1f4b152b5f7f699deff8606d06.jpg\",\"uri\":\"bilibili://video/332107401\",\"param\":\"332107401\",\"goto\":\"av\",\"desc\":\"9弹幕\",\"play\":130890,\"danmaku\":9,\"reply\":491,\"favorite\":1719,\"coin\":2764,\"share\":195,\"like\":22982,\"duration\":718,\"idx\":1615183758,\"cid\":307544247,\"tid\":21,\"tname\":\"日常\",\"tag\":{\"tag_id\":2511282,\"tag_name\":\"vlog\",\"count\":{\"atten\":489076}},\"dislike_reasons\":[{\"reason_id\":4,\"reason_name\":\"UP主:吉原悠一_yui\"},{\"reason_id\":2,\"reason_name\":\"分区:日常\"},{\"reason_id\":3,\"reason_name\":\"标签:vlog\"},{\"reason_id\":1,\"reason_name\":\"不感兴趣\"}],\"ctime\":1615123243,\"autoplay\":1,\"mid\":1962633,\"name\":\"吉原悠一_yui\",\"face\":\"http://i0.hdslb.com/bfs/face/3db7d59acaf033d88ef5d31824611b09d8c2b3e7.jpg\",\"official\":{\"role\":1,\"title\":\"bilibili 知名UP主、直播签约主播\"}},{\"title\":\"【唢呐】地 府 刺 客\",\"cover\":\"https://i2.hdslb.com/bfs/archive/74614cdc19e510c0222ab7a608906e60cdcb2b16.jpg\",\"uri\":\"bilibili://video/502016621\",\"param\":\"502016621\",\"goto\":\"av\",\"desc\":\"403弹幕\",\"play\":113698,\"danmaku\":403,\"reply\":943,\"favorite\":1793,\"coin\":2694,\"share\":589,\"like\":18171,\"duration\":100,\"idx\":1615183757,\"cid\":307248116,\"tid\":59,\"tname\":\"演奏\",\"tag\":{\"tag_id\":373,\"tag_name\":\"演奏\",\"count\":{\"atten\":146147}},\"dislike_reasons\":[{\"reason_id\":4,\"reason_name\":\"UP主:浑元Rysn\"},{\"reason_id\":2,\"reason_name\":\"分区:演奏\"},{\"reason_id\":3,\"reason_name\":\"标签:演奏\"},{\"reason_id\":1,\"reason_name\":\"不感兴趣\"}],\"ctime\":1615115819,\"autoplay\":1,\"mid\":42561463,\"name\":\"浑元Rysn\",\"face\":\"http://i1.hdslb.com/bfs/face/bcf334405e3b8ef1c332a019223c53bc6629549e.jpg\",\"official\":{\"role\":1,\"title\":\"bilibili 知名音乐UP主\"}},{\"title\":\"你不在家的时候，猫猫在干什么呢？pt.3 除了做歌，还在泡澡，做spa~\",\"cover\":\"https://i0.hdslb.com/bfs/archive/aa1ec1adb78d792d78251f713eec7216335b9925.jpg\",\"uri\":\"bilibili://video/289491501\",\"param\":\"289491501\",\"goto\":\"av\",\"desc\":\"137弹幕\",\"play\":544119,\"danmaku\":137,\"reply\":243,\"favorite\":8001,\"coin\":747,\"share\":8950,\"like\":15874,\"duration\":61,\"idx\":1615183756,\"cid\":305493644,\"tid\":218,\"tname\":\"喵星人\",\"tag\":{\"tag_id\":1562,\"tag_name\":\"喵星人\",\"count\":{\"atten\":625740}},\"dislike_reasons\":[{\"reason_id\":4,\"reason_name\":\"UP主:营养怪兽\"},{\"reason_id\":2,\"reason_name\":\"分区:喵星人\"},{\"reason_id\":3,\"reason_name\":\"标签:喵星人\"},{\"reason_id\":1,\"reason_name\":\"不感兴趣\"}],\"ctime\":1614761323,\"autoplay\":1,\"mid\":27830358,\"name\":\"营养怪兽\",\"face\":\"http://i0.hdslb.com/bfs/face/5b8e0438e185ec3eec0264b2895d34aa136efe10.jpg\",\"official\":{\"role\":1,\"title\":\"bilibili 知名音乐UP主\"}},{\"title\":\"籽岷被我的世界最难种族玩了\",\"cover\":\"https://i2.hdslb.com/bfs/archive/d0dbbe604d00ff925dc1cbb16314bcad44d0a3ae.jpg\",\"uri\":\"bilibili://video/204583537\",\"param\":\"204583537\",\"goto\":\"av\",\"desc\":\"7135弹幕\",\"play\":137619,\"danmaku\":7135,\"reply\":613,\"favorite\":2414,\"coin\":4488,\"share\":190,\"like\":28285,\"duration\":921,\"idx\":1615183755,\"cid\":307146874,\"tid\":17,\"tname\":\"单机游戏\",\"tag\":{\"tag_id\":47988,\"tag_name\":\"我的世界\",\"count\":{\"atten\":559055}},\"dislike_reasons\":[{\"reason_id\":4,\"reason_name\":\"UP主:籽岷\"},{\"reason_id\":2,\"reason_name\":\"分区:单机游戏\"},{\"reason_id\":3,\"reason_name\":\"标签:我的世界\"},{\"reason_id\":1,\"reason_name\":\"不感兴趣\"}],\"ctime\":1615115716,\"autoplay\":1,\"mid\":686127,\"name\":\"籽岷\",\"face\":\"http://i0.hdslb.com/bfs/face/7efb679569b2faeff38fa08f6f992fa1ada5e948.webp\",\"official\":{\"role\":1,\"title\":\"bilibili 知名游戏UP主\"}},{\"title\":\"【山河令】过于疯魔 我都要以为他是反派了!\",\"cover\":\"https://i1.hdslb.com/bfs/archive/94a8e21192b58db3cac4f597385dfd182961f658.jpg\",\"uri\":\"bilibili://video/886909620\",\"param\":\"886909620\",\"goto\":\"av\",\"desc\":\"3171弹幕\",\"play\":1456679,\"danmaku\":3171,\"reply\":4295,\"favorite\":62133,\"coin\":39752,\"share\":11531,\"like\":101453,\"duration\":92,\"idx\":1615183754,\"cid\":305418387,\"tid\":183,\"tname\":\"影视剪辑\",\"tag\":{\"tag_id\":23964,\"tag_name\":\"电视剧\",\"count\":{\"atten\":86858}},\"dislike_reasons\":[{\"reason_id\":4,\"reason_name\":\"UP主:颜值爆表啦\"},{\"reason_id\":2,\"reason_name\":\"分区:影视剪辑\"},{\"reason_id\":3,\"reason_name\":\"标签:电视剧\"},{\"reason_id\":1,\"reason_name\":\"不感兴趣\"}],\"ctime\":1614750262,\"autoplay\":1,\"mid\":12855280,\"name\":\"颜值爆表啦\",\"face\":\"http://i1.hdslb.com/bfs/face/6019e806fe2a343b936151678918a8681cac2833.jpg\"},{\"title\":\"圣遗物优化器使用方法（上）——评估你的圣遗物练度\",\"cover\":\"https://i1.hdslb.com/bfs/archive/4018a1a84dd24febc8cb5fac0d5c8de7d53604a9.jpg\",\"uri\":\"bilibili://video/374516497\",\"param\":\"374516497\",\"goto\":\"av\",\"desc\":\"43弹幕\",\"play\":55978,\"danmaku\":43,\"reply\":414,\"favorite\":2615,\"coin\":1052,\"share\":373,\"like\":1982,\"duration\":501,\"idx\":1615183753,\"cid\":306777728,\"tid\":172,\"tname\":\"手机游戏\",\"tag\":{\"tag_id\":3007,\"tag_name\":\"手机游戏\",\"count\":{\"atten\":173137}},\"dislike_reasons\":[{\"reason_id\":4,\"reason_name\":\"UP主:charlin55\"},{\"reason_id\":2,\"reason_name\":\"分区:手机游戏\"},{\"reason_id\":3,\"reason_name\":\"标签:手机游戏\"},{\"reason_id\":1,\"reason_name\":\"不感兴趣\"}],\"ctime\":1615027517,\"autoplay\":1,\"mid\":37664861,\"name\":\"charlin55\",\"face\":\"http://i2.hdslb.com/bfs/face/ca896861a278b6d0a0854fa09b6691c0f2400244.jpg\"},{\"title\":\"👋摸  桃🍑\",\"cover\":\"https://i1.hdslb.com/bfs/archive/ec5ab7bd0801e77ab90a4d2543d55740461490c5.jpg\",\"uri\":\"bilibili://video/802084250\",\"param\":\"802084250\",\"goto\":\"av\",\"desc\":\"183弹幕\",\"play\":70374,\"danmaku\":183,\"reply\":601,\"favorite\":2930,\"coin\":1281,\"share\":672,\"like\":10539,\"duration\":80,\"idx\":1615183752,\"cid\":307396258,\"tid\":47,\"tname\":\"短片·手书·配音\",\"tag\":{\"tag_id\":608,\"tag_name\":\"手书\",\"count\":{\"atten\":262851}},\"dislike_reasons\":[{\"reason_id\":4,\"reason_name\":\"UP主:空耳狂魔\"},{\"reason_id\":2,\"reason_name\":\"分区:短片·手书·配音\"},{\"reason_id\":3,\"reason_name\":\"标签:手书\"},{\"reason_id\":1,\"reason_name\":\"不感兴趣\"}],\"ctime\":1615177810,\"autoplay\":1,\"mid\":3127528,\"name\":\"空耳狂魔\",\"face\":\"http://i1.hdslb.com/bfs/face/5ecccd3b36236db908f9da3824d55737febc7c6b.jpg\",\"official\":{\"role\":1,\"title\":\"bilibili 知名动漫UP主\"}},{\"title\":\"警惕身体发出的危险信号，这些症状可能会致命！你敢自测一下吗？\",\"cover\":\"https://i1.hdslb.com/bfs/archive/c876aa3eafef4fea23e2534741b9f0d3ea6a7e54.jpg\",\"uri\":\"bilibili://video/204439529\",\"param\":\"204439529\",\"goto\":\"av\",\"desc\":\"2238弹幕\",\"play\":214453,\"danmaku\":2238,\"reply\":1767,\"favorite\":5693,\"coin\":6290,\"share\":2661,\"like\":12836,\"duration\":669,\"idx\":1615183751,\"cid\":306238265,\"tid\":201,\"tname\":\"科学科普\",\"tag\":{\"tag_id\":1364,\"tag_name\":\"科学\",\"count\":{\"atten\":724719}},\"dislike_reasons\":[{\"reason_id\":4,\"reason_name\":\"UP主:协和整形肖一丁\"},{\"reason_id\":2,\"reason_name\":\"分区:科学科普\"},{\"reason_id\":3,\"reason_name\":\"标签:科学\"},{\"reason_id\":1,\"reason_name\":\"不感兴趣\"}],\"ctime\":1614942018,\"autoplay\":1,\"mid\":476853952,\"name\":\"协和整形肖一丁\",\"face\":\"http://i1.hdslb.com/bfs/face/61e43cdad295e9d2357c4c6ed8fad1937df94488.jpg\",\"official\":{\"role\":1,\"title\":\"bilibili 知名科普UP主\"}},{\"title\":\"导师：就差帮你考了\",\"cover\":\"https://i2.hdslb.com/bfs/archive/d6e3a1935c807648ff4306cd51afb5ad55362675.png\",\"uri\":\"bilibili://video/374469831\",\"param\":\"374469831\",\"goto\":\"av\",\"desc\":\"123弹幕\",\"play\":106385,\"danmaku\":123,\"reply\":162,\"favorite\":14179,\"coin\":2786,\"share\":508,\"like\":5418,\"duration\":1345,\"idx\":1615183750,\"cid\":305468358,\"tid\":208,\"tname\":\"校园学习\",\"tag\":{\"tag_id\":6500,\"tag_name\":\"大学\",\"count\":{\"atten\":11571}},\"dislike_reasons\":[{\"reason_id\":4,\"reason_name\":\"UP主:老吕考研吕建刚\"},{\"reason_id\":2,\"reason_name\":\"分区:校园学习\"},{\"reason_id\":3,\"reason_name\":\"标签:大学\"},{\"reason_id\":1,\"reason_name\":\"不感兴趣\"}],\"ctime\":1614758099,\"autoplay\":1,\"mid\":36251753,\"name\":\"老吕考研吕建刚\",\"face\":\"http://i2.hdslb.com/bfs/face/573cd7f164d9bde32739de3a3d7de4a1ad711c19.jpg\",\"official\":{\"role\":2,\"title\":\"老吕考研吕建刚官方账号，科普UP主\"}}]"},"ts":1615183815018}