{"options":{"awareOfChrome":false,"check_for_updates":false,"comment":null,"compat_arrayleft":false,"compat_foreach":false,"compat_forvarin":false,"compat_metadata":false,"compat_uW_gmonkey":false,"compat_wrappedjsobject":false,"compatopts_for_requires":true,"noframes":null,"override":{"merge_connects":true,"merge_excludes":true,"merge_includes":true,"merge_matches":true,"orig_connects":["e-hentai.org"],"orig_excludes":["https://hentaiverse.org/?s=Battle","https://hentaiverse.org/equip/*","http://alt.hentaiverse.org/?s=Battle","http://alt.hentaiverse.org/equip/*","https://hentaiverse.org/isekai/?s=Battle","https://hentaiverse.org/isekai/equip/*","http://alt.hentaiverse.org/isekai/?s=Battle","http://alt.hentaiverse.org/isekai/equip/*"],"orig_includes":[],"orig_matches":["*://*.hentaiverse.org/*"],"orig_noframes":null,"orig_run_at":"document-end","use_blockers":[],"use_connects":[],"use_excludes":[],"use_includes":[],"use_matches":[]},"run_at":null},"settings":{"enabled":true,"position":22},"meta":{"name":"HV Utils","uuid":"19c9681e-4879-4c81-a811-efce9507fb00","modified":1613485836623}}