{"options":{"awareOfChrome":false,"check_for_updates":true,"comment":null,"compat_arrayleft":false,"compat_foreach":false,"compat_forvarin":false,"compat_metadata":false,"compat_uW_gmonkey":false,"compat_wrappedjsobject":false,"compatopts_for_requires":true,"noframes":null,"override":{"merge_connects":true,"merge_excludes":true,"merge_includes":true,"merge_matches":true,"orig_connects":[],"orig_excludes":["*://*hentaiverse.org/*equip/*","*://*hentaiverse.org/*pages/showequip.php?*"],"orig_includes":["*://hentaiverse.org/*","*://alt.hentaiverse.org/*"],"orig_matches":[],"orig_noframes":null,"orig_run_at":"document-idle","use_blockers":[],"use_connects":[],"use_excludes":[],"use_includes":[],"use_matches":[]},"run_at":null},"settings":{"enabled":true,"position":25},"meta":{"name":"HV 图片按钮汉化","uuid":"e055ec9e-bece-467a-8758-ef6b328e2217","modified":1611409333240,"file_url":"https://github.com/indefined/UserScripts/raw/master/HVTranslate/HV%20%E5%9B%BE%E7%89%87%E6%8C%89%E9%92%AE%E6%B1%89%E5%8C%96.user.js"}}