{"ts":1745822309522,"data":{"isekai_option":"o{\"version\": \"2.90\",\"lang\": \"0\",\"buffSkillSwitch\": true,\"debuffSkillSwitch\": true,\"skillSwitch\": true,\"hp1\": 75,\"mp1\": 75,\"sp1\": 75,\"attackStatus\": 0,\"pauseButton\": true,\"pauseHotkey\": true,\"pauseHotkeyStr\": \" \",\"pauseHotkeyCode\": 32,\"notification\": true,\"riddleRadio\": true,\"turnOnSS\": true,\"turnOnSSCondition\": {\"0\": [\"oc,1,249\"]},\"delayAlertTime\": 0,\"delayReloadTime\": 0,\"riddleAnswerTime\": 1,\"staminaLose\": 5,\"staminaPause\": true,\"staminaWarn\": true,\"idleArenaTime\": 60,\"idleArenaLevels\": \"GF\",\"idleArenaValue\": \"gr\",\"arLevel\": {\"GF\": true},\"idleArenaGrTime\": 999,\"repairValue\": 0,\"autoPause\": true,\"pauseCondition\": {\"0\": [\"hp,2,30\"]},\"staminaLow\": 30,\"delay\": 200,\"delay2\": 30,\"itemOrderName\": \"Cure,FC,HP,MP,SP,ME\",\"itemOrderValue\": \"311,313,11195,11295,11395,11299\",\"itemOrder\": {\"Cure\": true,\"FC\": true,\"HP\": true,\"MP\": true,\"ME\": true,\"SP\": true},\"item\": {\"Cure\": true,\"FC\": true,\"HP\": true,\"MP\": true,\"ME\": true,\"SP\": true},\"itemCureCondition\": {\"0\": [\"hp,2,60\"]},\"itemFCCondition\": {\"0\": [\"hp,2,40\"]},\"itemHPCondition\": {\"0\": [\"hp,2,50\"]},\"itemMPCondition\": {\"0\": [\"mp,2,50\"]},\"itemMECondition\": {\"0\": [\"mp,2,10\"]},\"itemSPCondition\": {\"0\": [\"sp,2,50\"]},\"channelSkill\": {\"AF\": true,\"He\": true,\"Re\": true},\"channelSkill2\": true,\"channelSkill2OrderName\": \"Cu,FC,AF,He,Re\",\"channelSkill2OrderValue\": \"311,313,432,431,312\",\"channelSkill2Order\": {\"Cu\": true,\"FC\": true,\"AF\": true,\"He\": true,\"Re\": true},\"buffSkillOrderValue\": \"Re,He\",\"buffSkillOrder\": {\"He\": true,\"Re\": true},\"buffSkill\": {\"HD\": true,\"MD\": true,\"SD\": true,\"He\": true,\"Re\": true,\"Ab\": true},\"buffSkillHDCondition\": {\"0\": [\"hp,2,70\"]},\"buffSkillMDCondition\": {\"0\": [\"hp,2,70\"]},\"buffSkillSDCondition\": {\"0\": [\"sp,2,70\"]},\"buffSkillHeCondition\": {\"0\": [\"_buffTurn_,2,2\"]},\"buffSkillReCondition\": {\"0\": [\"hp,2,80\"]},\"buffSkillAbCondition\": {\"0\": [\"_buffTurn_,2,1\"]},\"debuffSkillOrderValue\": \"Slo,Im,Si,Dr,We,MN,Bl\",\"debuffSkillOrder\": {\"Bl\": true,\"Slo\": true,\"Im\": true,\"MN\": true,\"Si\": true,\"Dr\": true,\"We\": true},\"debuffSkill\": {\"Bl\": true,\"Slo\": true,\"Im\": true,\"MN\": true,\"Si\": true,\"Dr\": true,\"We\": true},\"debuffSkillBlCondition\": {\"0\": [\"monsterAlive,4,bossAll\",\"_buffTurn_,2,1\",\"mp,1,50\"]},\"debuffSkillImCondition\": {\"0\": [\"monsterAlive,4,bossAll\",\"_buffTurn_,2,1\",\"mp,1,50\"]},\"debuffSkillMNCondition\": {\"0\": [\"monsterAlive,4,bossAll\",\"_buffTurn_,2,1\",\"mp,1,50\"]},\"debuffSkillSiCondition\": {\"0\": [\"monsterAlive,4,bossAll\",\"_buffTurn_,2,1\",\"mp,1,50\"]},\"debuffSkillDrCondition\": {\"0\": [\"monsterAlive,4,bossAll\",\"_buffTurn_,2,1\",\"mp,1,50\"]},\"debuffSkillWeCondition\": {\"0\": [\"monsterAlive,4,bossAll\",\"_buffTurn_,2,1\",\"mp,1,50\"]},\"debuffSkillTurn\": {\"Sle\": 0,\"Bl\": 1,\"Slo\": 1,\"Im\": 1,\"MN\": 1,\"Si\": 1,\"Dr\": 1,\"We\": 1,\"Co\": 0},\"skillOrderValue\": \"OFC,T3,T2,T1\",\"skillOrder\": {\"OFC\": true,\"T3\": true,\"T2\": true,\"T1\": true},\"skill\": {\"OFC\": true,\"T3\": true,\"T2\": true,\"T1\": true},\"skillOFCCondition\": {\"0\": [\"oc,1,200\"]},\"fightingStyle\": \"2\",\"mercifulBlow\": true,\"skillT3Condition\": {\"0\": [\"oc,2,200\"]},\"skillT2Condition\": {\"0\": [\"oc,2,200\"]},\"skillT1Condition\": {\"0\": [\"oc,2,200\"]},\"weight\": {\"Sle\": 5,\"Bl\": 3,\"Slo\": 3,\"Im\": -5,\"MN\": -4,\"Si\": -4,\"Dr\": -4,\"We\": -4,\"Co\": -1,\"CM\": -5,\"Stun\": -4,\"PA\": -4,\"BW\": -4},\"dropQuality\": \"5\",\"roundNow\": \"1\",\"roundAll\": \"60\"}","lastEncounter":"shttps://hentaiverse.org/?s=Battle&ss=ba&encounter=MzMyMTQ2NS0xNzQ1ODIyMzA1LTc1NTFkMDgwM2ViMjM2ZTI2MGIzNTVmY2NlOGExNzc3ZmMwZWRiYjc=","persistent_option":"o{\"version\": \"2.90\",\"lang\": \"0\",\"buffSkillSwitch\": true,\"debuffSkillSwitch\": true,\"skillSwitch\": true,\"hp1\": 75,\"mp1\": 75,\"sp1\": 75,\"attackStatus\": 0,\"pauseButton\": true,\"pauseHotkey\": true,\"pauseHotkeyStr\": \" \",\"pauseHotkeyCode\": 32,\"notification\": true,\"riddleRadio\": true,\"turnOnSS\": true,\"turnOnSSCondition\": {\"0\": [\"oc,1,249\"]},\"delayAlertTime\": 0,\"delayReloadTime\": 0,\"riddleAnswerTime\": 1,\"staminaLose\": 5,\"staminaPause\": true,\"staminaWarn\": true,\"idleArenaTime\": 60,\"idleArenaLevels\": \"GF\",\"idleArenaValue\": \"gr\",\"arLevel\": {\"GF\": true},\"idleArenaGrTime\": 999,\"repairValue\": 0,\"autoPause\": true,\"pauseCondition\": {\"0\": [\"hp,2,30\"]},\"staminaLow\": 30,\"delay\": 200,\"delay2\": 30,\"itemOrderName\": \"Cure,FC,HP,MP,SP,ME\",\"itemOrderValue\": \"311,313,11195,11295,11395,11299\",\"itemOrder\": {\"Cure\": true,\"FC\": true,\"HP\": true,\"MP\": true,\"ME\": true,\"SP\": true},\"item\": {\"Cure\": true,\"FC\": true,\"HP\": true,\"MP\": true,\"ME\": true,\"SP\": true},\"itemCureCondition\": {\"0\": [\"hp,2,60\"]},\"itemFCCondition\": {\"0\": [\"hp,2,40\"]},\"itemHPCondition\": {\"0\": [\"hp,2,50\"]},\"itemMPCondition\": {\"0\": [\"mp,2,50\"]},\"itemMECondition\": {\"0\": [\"mp,2,10\"]},\"itemSPCondition\": {\"0\": [\"sp,2,50\"]},\"channelSkill\": {\"AF\": true,\"He\": true,\"Re\": true},\"channelSkill2\": true,\"channelSkill2OrderName\": \"Cu,FC,AF,He,Re\",\"channelSkill2OrderValue\": \"311,313,432,431,312\",\"channelSkill2Order\": {\"Cu\": true,\"FC\": true,\"AF\": true,\"He\": true,\"Re\": true},\"buffSkillOrderValue\": \"Re,He\",\"buffSkillOrder\": {\"He\": true,\"Re\": true},\"buffSkill\": {\"HD\": true,\"MD\": true,\"SD\": true,\"He\": true,\"Re\": true,\"Ab\": true},\"buffSkillHDCondition\": {\"0\": [\"hp,2,70\"]},\"buffSkillMDCondition\": {\"0\": [\"hp,2,70\"]},\"buffSkillSDCondition\": {\"0\": [\"sp,2,70\"]},\"buffSkillHeCondition\": {\"0\": [\"_buffTurn_,2,2\"]},\"buffSkillReCondition\": {\"0\": [\"hp,2,80\"]},\"buffSkillAbCondition\": {\"0\": [\"_buffTurn_,2,1\"]},\"debuffSkillOrderValue\": \"Slo,Im,Si,Dr,We,MN,Bl\",\"debuffSkillOrder\": {\"Bl\": true,\"Slo\": true,\"Im\": true,\"MN\": true,\"Si\": true,\"Dr\": true,\"We\": true},\"debuffSkill\": {\"Bl\": true,\"Slo\": true,\"Im\": true,\"MN\": true,\"Si\": true,\"Dr\": true,\"We\": true},\"debuffSkillBlCondition\": {\"0\": [\"monsterAlive,4,bossAll\",\"_buffTurn_,2,1\",\"mp,1,50\"]},\"debuffSkillImCondition\": {\"0\": [\"monsterAlive,4,bossAll\",\"_buffTurn_,2,1\",\"mp,1,50\"]},\"debuffSkillMNCondition\": {\"0\": [\"monsterAlive,4,bossAll\",\"_buffTurn_,2,1\",\"mp,1,50\"]},\"debuffSkillSiCondition\": {\"0\": [\"monsterAlive,4,bossAll\",\"_buffTurn_,2,1\",\"mp,1,50\"]},\"debuffSkillDrCondition\": {\"0\": [\"monsterAlive,4,bossAll\",\"_buffTurn_,2,1\",\"mp,1,50\"]},\"debuffSkillWeCondition\": {\"0\": [\"monsterAlive,4,bossAll\",\"_buffTurn_,2,1\",\"mp,1,50\"]},\"debuffSkillTurn\": {\"Sle\": 0,\"Bl\": 1,\"Slo\": 1,\"Im\": 1,\"MN\": 1,\"Si\": 1,\"Dr\": 1,\"We\": 1,\"Co\": 0},\"skillOrderValue\": \"OFC,T3,T2,T1\",\"skillOrder\": {\"OFC\": true,\"T3\": true,\"T2\": true,\"T1\": true},\"skill\": {\"OFC\": true,\"T3\": true,\"T2\": true,\"T1\": true},\"skillOFCCondition\": {\"0\": [\"oc,1,200\"]},\"fightingStyle\": \"2\",\"mercifulBlow\": true,\"skillT3Condition\": {\"0\": [\"oc,2,200\"]},\"skillT2Condition\": {\"0\": [\"oc,2,200\"]},\"skillT1Condition\": {\"0\": [\"oc,2,200\"]},\"weight\": {\"Sle\": 5,\"Bl\": 3,\"Slo\": 3,\"Im\": -5,\"MN\": -4,\"Si\": -4,\"Dr\": -4,\"We\": -4,\"Co\": -1,\"CM\": -5,\"Stun\": -4,\"PA\": -4,\"BW\": -4},\"dropQuality\": \"5\",\"roundNow\": \"1\",\"roundAll\": \"60\"}","url":"shttps://hentaiverse.org"}}