{"options":{"check_for_updates":true,"comment":null,"compat_foreach":false,"compat_metadata":false,"compat_powerful_this":null,"compat_wrappedjsobject":false,"compatopts_for_requires":true,"noframes":null,"override":{"merge_connects":true,"merge_excludes":true,"merge_includes":true,"merge_matches":true,"orig_connects":[],"orig_excludes":[],"orig_includes":["*://hentaiverse.org/*","*://alt.hentaiverse.org/*"],"orig_matches":[],"orig_noframes":null,"orig_run_at":"document-idle","orig_run_in":[],"orig_tags":[],"use_blockers":[],"use_connects":[],"use_excludes":[],"use_includes":[],"use_matches":[]},"run_at":null,"run_in":null,"sandbox":null,"tags":[],"unwrap":null,"user_modified":null},"settings":{"enabled":true,"position":16},"meta":{"name":"HentaiVerse汉化","uuid":"7d0747c3-fdae-40f4-9063-085dbfef2a24","modified":1745335569487,"file_url":"https://update.sleazyfork.org/scripts/404118/HentaiVerse%E6%B1%89%E5%8C%96.user.js"}}