{"options":{"check_for_updates":true,"comment":null,"compat_foreach":false,"compat_metadata":false,"compat_powerful_this":null,"compat_wrappedjsobject":false,"compatopts_for_requires":true,"noframes":null,"override":{"merge_connects":true,"merge_excludes":true,"merge_includes":true,"merge_matches":true,"orig_connects":["hentaiverse.org","e-hentai.org"],"orig_excludes":[],"orig_includes":[],"orig_matches":["*://*.hentaiverse.org/?s=Battle","*://*.hentaiverse.org/isekai/?s=Battle"],"orig_noframes":null,"orig_run_at":"document-end","orig_run_in":[],"orig_tags":[],"use_blockers":[],"use_connects":[],"use_excludes":[],"use_includes":[],"use_matches":[]},"run_at":null,"run_in":null,"sandbox":null,"tags":[],"unwrap":null,"user_modified":null},"settings":{"enabled":true,"position":15},"meta":{"name":"HV Utils URL","uuid":"6ede14fa-7ca7-45b9-8318-c5a6af8afd4f","modified":1742985433354}}