{"options":{"check_for_updates":true,"comment":null,"compat_foreach":false,"compat_metadata":false,"compat_powerful_this":null,"compat_wrappedjsobject":false,"compatopts_for_requires":true,"noframes":null,"override":{"merge_connects":true,"merge_excludes":true,"merge_includes":true,"merge_matches":true,"orig_connects":[],"orig_excludes":["*://*hentaiverse.org/*equip/*","*://*hentaiverse.org/*pages/showequip.php?*"],"orig_includes":["*://hentaiverse.org/*","*://alt.hentaiverse.org/*"],"orig_matches":[],"orig_noframes":null,"orig_run_at":"document-idle","orig_run_in":[],"orig_tags":[],"use_blockers":[],"use_connects":[],"use_excludes":[],"use_includes":[],"use_matches":[]},"run_at":null,"run_in":null,"sandbox":null,"tags":[],"unwrap":null,"user_modified":null},"settings":{"enabled":true,"position":17},"meta":{"name":"HV 图片按钮汉化","uuid":"78da57e9-925d-4434-b44b-22bce70307e7","modified":1742985433355,"file_url":"https://sleazyfork.org/scripts/425529/code/script.user.js"}}