{"options":{"check_for_updates":true,"comment":null,"compat_foreach":false,"compat_metadata":false,"compat_powerful_this":null,"compat_wrappedjsobject":false,"compatopts_for_requires":true,"noframes":null,"override":{"merge_connects":true,"merge_excludes":true,"merge_includes":true,"merge_matches":true,"orig_connects":[],"orig_excludes":[],"orig_includes":[],"orig_matches":["*://nga.178.com/*","*://g.nga.cn/*","*://ngabbs.com/*","*://ngacn.cc/*","*://yues.org/*"],"orig_noframes":null,"orig_run_at":"document-idle","orig_run_in":[],"orig_tags":[],"use_blockers":[],"use_connects":[],"use_excludes":[],"use_includes":[],"use_matches":[]},"run_at":null,"run_in":null,"sandbox":null,"tags":[],"unwrap":null,"user_modified":null},"settings":{"enabled":true,"position":1},"meta":{"name":"NGA 重定向","uuid":"293713a5-f35e-41c2-b84b-707aad58d76c","modified":1742985433343,"file_url":"https://github.com/SekiBetu/userscript/raw/main/NGARedirector.user.js"}}