{"options":{"check_for_updates":true,"comment":null,"compat_foreach":false,"compat_metadata":false,"compat_powerful_this":null,"compat_wrappedjsobject":false,"compatopts_for_requires":true,"noframes":null,"override":{"merge_connects":true,"merge_excludes":true,"merge_includes":true,"merge_matches":true,"orig_connects":["steamcommunity.com","store.steampowered.com","www.desura.com"],"orig_excludes":[],"orig_includes":["http://steamdb.sinaapp.com/sync","https://steamdb.keylol.com/sync"],"orig_matches":[],"orig_noframes":null,"orig_run_at":"document-idle","orig_run_in":[],"orig_tags":[],"use_blockers":[],"use_connects":[],"use_excludes":[],"use_includes":[],"use_matches":[]},"run_at":null,"run_in":null,"sandbox":null,"tags":[],"unwrap":null,"user_modified":null},"settings":{"enabled":true,"position":7},"meta":{"name":"Steam Info","uuid":"073d293c-f35b-4bb5-bca1-f37214446d47","modified":1742985433351}}