{"options":{"check_for_updates":true,"comment":null,"compat_foreach":false,"compat_metadata":false,"compat_powerful_this":null,"compat_wrappedjsobject":false,"compatopts_for_requires":true,"noframes":null,"override":{"merge_connects":true,"merge_excludes":true,"merge_includes":true,"merge_matches":true,"orig_connects":["steamstore-a.akamaihd.net"],"orig_excludes":[],"orig_includes":[],"orig_matches":["https://store.steampowered.com/account/registerkey"],"orig_noframes":null,"orig_run_at":"document-idle","orig_run_in":[],"orig_tags":[],"use_blockers":[],"use_connects":[],"use_excludes":[],"use_includes":[],"use_matches":[]},"run_at":null,"run_in":null,"sandbox":null,"tags":[],"unwrap":null,"user_modified":null},"settings":{"enabled":true,"position":8},"meta":{"name":"Steam添加FOD","uuid":"c1d3492f-6732-4d53-ae49-82a2719ccbfd","modified":1742985433351}}