{"ts":1746943811087,"data":{"autosptask#1365947":"s{\"totalSp\":51,\"lastChecked\":1746943386798,\"lastComplete\":1746943386798,\"lastCompleteSp\":9}","domain-redirect-enabled":"shttps://www.south-plus.net","last_version":"s93","my_config#1365947":"s{\"myUserHashId\":\"a9d59dbb\",\"myNickName\":\"SekiBetu\",\"autoCheckReplyOption\":true,\"enhanceSellFrame\":true,\"buyRefreshFree\":true,\"replyRefreshFree\":true,\"enhancePageTitle\":true,\"highlightMyself\":true,\"heightReductionMode\":false,\"heightReductionMode$LV2\":false,\"showFloatingMessageIndicator\":true,\"showFloatingStoreThreadButton\":true,\"showFloatingWatchIndicator\":true,\"hideWatchButtonIfEmpty\":false,\"subCategoryInheritImageWallMode\":true,\"dontFilterRequestReplyByUser\":true,\"showInputLimit\":true,\"hideDefaultUserpic\":false,\"hideOtherUserpic\":false,\"selfBypassHideUserpic\":true,\"customUserBypassHideUserpic\":true,\"stickyUserInfo\":true,\"showExtendedUserInfo\":true,\"showExtendedUserInfo$HP\":false,\"hideIgnoreContentPost\":false,\"disablePostCollapse$Self\":true,\"treatAllEmojiTheSameWay\":true,\"ignoreContentUseTextOnly\":true,\"customUserBypassIgnoreList\":true,\"customUserpicBypassIgnoreList\":false,\"watchSkipIgnoreContent\":true,\"customUserBypassWatchSkip\":true,\"hideFilteredThread\":false,\"requestThreadHighlightEnded\":true,\"requestThreadShowExtraBounty\":true,\"requestThreadUseHistoryData\":true,\"siteAnnouncementSectionDefaultFolded\":false,\"siteNoticeSectionDefaultFolded\":false,\"showBackToTopButton\":true,\"useCustomUserInfoPopup\":true,\"hideInactivePinnedUsers\":true,\"floatingShortcut\":\"tr\",\"textSize\":0,\"siteThemeDarkerSubjectLine\":false,\"hideRedundantReSubjectLine\":true,\"addQuickJumpReSubjectLine\":true,\"threadListDefaultOpenNewPage\":false,\"infiniteScrollReplaceURL\":false,\"infiniteScrollScrollToNewPage\":false,\"infiniteScroll$usertopics\":false,\"infiniteScroll$userposts\":false,\"infiniteScroll$threads\":false,\"infiniteScroll$thread_posts\":false,\"infiniteScroll$search\":false,\"infiniteScroll$msg_inbox\":false,\"showResourceSpotsFloating\":true,\"showResourceSpots$sells\":true,\"showResourceSpots$attachments\":true,\"showResourceSpots$shares\":true,\"showResourceSpots$images\":true,\"showResourceSpots$links\":false,\"showResourceSpots$likes\":false,\"showFavThreadFloatingList\":true,\"showFavThreadFloatingList$withTitle\":true,\"showActiveRepliers\":false,\"showActiveRepliers$min\":2,\"showShareTypeFilter\":true,\"hideSettlementPost\":true,\"hideSettlementPost$GreyoutOnly\":true,\"hideSettlementPost$UseDefaultKeywords\":true,\"hideSettlementPost$HighlightMyself\":true,\"customUserBypassThreadFilter\":true,\"showRequestThreadFilters\":true,\"customUserHashIdMappings\":{\"#4\":[4,\"1eb7ddbc\",\"可可萝\"],\"@1eb7ddbc\":[4,\"1eb7ddbc\",\"可可萝\"]},\"customUserOrderBy\":\"uid\",\"userReplyListFolded\":false,\"replyShownAsByOp\":false,\"hideZeroReply\":false,\"keepVisitPostHistory\":true,\"showInitialRememberedTitle\":false,\"hideFrontPageRecentList\":false,\"v15migrationApplied\":true,\"v42migrationApplied\":true,\"openIntroAfterUpdate\":true,\"autoSpTasks\":true,\"showDefaultingPicWallOption\":true,\"hideMobileVerSwitch\":true,\"showSearchBar\":false,\"showSearchBar$align\":null,\"hasSeenAdminRole\":false,\"adminNoScoreNotifByDefault\":false,\"adminHideMarkUnscoreButton\":false,\"adminHideMarkBadFormatButton\":false}","my_favor_threads#1365947":"s{\"data\":{\"642476\":{\"id\":642476,\"tid\":642476,\"op\":620118,\"category\":\"\"},\"805570\":{\"id\":805570,\"tid\":805570,\"op\":620118,\"category\":\"\"},\"805576\":{\"id\":805576,\"tid\":805576,\"op\":620118,\"category\":\"\"},\"895334\":{\"id\":895334,\"tid\":895334,\"op\":1180561,\"category\":\"\"},\"1418721\":{\"id\":1418721,\"tid\":1418721,\"op\":1443374,\"category\":\"\"},\"1449654\":{\"id\":1449654,\"tid\":1449654,\"op\":1349958,\"category\":\"\"},\"1476817\":{\"id\":1476817,\"tid\":1476817,\"op\":1428777,\"category\":\"\"},\"1485133\":{\"id\":1485133,\"tid\":1485133,\"op\":928005,\"category\":\"\"},\"1506125\":{\"id\":1506125,\"tid\":1506125,\"op\":1482721,\"category\":\"\"},\"1508740\":{\"id\":1508740,\"tid\":1508740,\"op\":1359305,\"category\":\"\"},\"1522984\":{\"id\":1522984,\"tid\":1522984,\"op\":1531309,\"category\":\"\"},\"1556817\":{\"id\":1556817,\"tid\":1556817,\"op\":1477786,\"category\":\"\"},\"1569482\":{\"id\":1569482,\"tid\":1569482,\"op\":1349958,\"category\":\"\"},\"1569605\":{\"id\":1569605,\"tid\":1569605,\"op\":1284085,\"category\":\"\"},\"1572191\":{\"id\":1572191,\"tid\":1572191,\"op\":476048,\"category\":\"\"},\"1577363\":{\"id\":1577363,\"tid\":1577363,\"op\":1284085,\"category\":\"\"},\"1580507\":{\"id\":1580507,\"tid\":1580507,\"op\":1656125,\"category\":\"\"},\"1633312\":{\"id\":1633312,\"tid\":1633312,\"op\":1349958,\"category\":\"\"},\"1657828\":{\"id\":1657828,\"tid\":1657828,\"op\":266959,\"category\":\"\"},\"1676715\":{\"id\":1676715,\"tid\":1676715,\"op\":1349958,\"category\":\"\"},\"1701737\":{\"id\":1701737,\"tid\":1701737,\"op\":1284085,\"category\":\"\"},\"1721686\":{\"id\":1721686,\"tid\":1721686,\"op\":1284085,\"category\":\"\"},\"1724575\":{\"id\":1724575,\"tid\":1724575,\"op\":1284085,\"category\":\"\"},\"1728711\":{\"id\":1728711,\"tid\":1728711,\"op\":914847,\"category\":\"\"},\"1728715\":{\"id\":1728715,\"tid\":1728715,\"op\":1284085,\"category\":\"\"},\"1791944\":{\"id\":1791944,\"tid\":1791944,\"op\":1064732,\"category\":\"\"},\"1845964\":{\"id\":1845964,\"tid\":1845964,\"op\":1284085,\"category\":\"\"},\"1866066\":{\"id\":1866066,\"tid\":1866066,\"op\":1811269,\"category\":\"\"},\"1951204\":{\"id\":1951204,\"tid\":1951204,\"op\":1064732,\"category\":\"\"},\"1997226\":{\"id\":1997226,\"tid\":1997226,\"op\":1059671,\"category\":\"\"},\"2086932\":{\"id\":2086932,\"tid\":2086932,\"op\":1544698,\"category\":\"\"},\"2107098\":{\"id\":2107098,\"tid\":2107098,\"op\":2011656,\"category\":\"\"},\"2132605\":{\"id\":2132605,\"tid\":2132605,\"op\":1284085,\"category\":\"\"},\"2152324\":{\"id\":2152324,\"tid\":2152324,\"op\":1397580,\"category\":\"\"},\"2191741\":{\"id\":2191741,\"tid\":2191741,\"op\":1284085,\"category\":\"\"},\"2225526\":{\"id\":2225526,\"tid\":2225526,\"op\":1532663,\"category\":\"\"},\"2303498\":{\"id\":2303498,\"tid\":2303498,\"op\":2141461,\"category\":\"\"},\"2386786\":{\"id\":2386786,\"tid\":2386786,\"op\":1070512,\"category\":\"\"},\"2405438\":{\"id\":2405438,\"tid\":2405438,\"op\":597218,\"category\":\"\"},\"2409961\":{\"id\":2409961,\"tid\":2409961,\"op\":2042913,\"category\":\"\"},\"2432859\":{\"id\":2432859,\"tid\":2432859,\"op\":659406,\"category\":\"\"},\"2433884\":{\"id\":2433884,\"tid\":2433884,\"op\":1601131,\"category\":\"\"},\"2467855\":{\"id\":2467855,\"tid\":2467855,\"op\":522610,\"category\":\"\"},\"2479283\":{\"id\":2479283,\"tid\":2479283,\"op\":522610,\"category\":\"\"},\"2480396\":{\"id\":2480396,\"tid\":2480396,\"op\":1284085,\"category\":\"\"},\"2481553\":{\"id\":2481553,\"tid\":2481553,\"op\":1397580,\"category\":\"\"}},\"time\":1746943368987}","tid_recent#1365947:#2178539":"s{\"tid\":2178539,\"uid\":1358446,\"fid\":48,\"area\":\"询问&求物\",\"title\":\"1000sp求站内韩国twitch主播golaniyule0的大尺度资源。\",\"time\":1743830993481,\"bought\":false,\"replied\":0,\"bounty\":{\"sp\":20,\"pts\":10,\"winner\":null,\"bountyUntil\":1743830993481,\"ended\":0}}","tid_recent#1365947:#2289586":"s{\"tid\":2289586,\"uid\":1198694,\"fid\":48,\"area\":\"询问&求物\",\"title\":\"韩国主播ELI05021212不播了吗？\",\"time\":1744718569668,\"bought\":false,\"replied\":0,\"bounty\":{\"sp\":20,\"pts\":0,\"winner\":\"dd5c7b36\",\"bountyUntil\":-1,\"ended\":2}}","tid_recent#1365947:#2343058":"s{\"tid\":2343058,\"uid\":1461698,\"fid\":48,\"area\":\"询问&求物\",\"title\":\"求一部分小鹿酱未流出的资源，我弟弟说很急，大佬快来\",\"time\":1743833243935,\"bought\":false,\"replied\":0,\"bounty\":{\"sp\":100,\"pts\":10,\"winner\":null,\"bountyUntil\":1743833243935,\"ended\":0}}","tid_recent#1365947:#2356953":"s{\"tid\":2356953,\"uid\":818940,\"fid\":48,\"area\":\"询问&求物\",\"title\":\"求一个老福利姬 小鹿酱 的视频\",\"time\":1743833243520,\"bought\":false,\"replied\":0,\"bounty\":{\"sp\":500,\"pts\":8,\"winner\":null,\"bountyUntil\":1743833243519,\"ended\":0}}","tid_recent#1365947:#2392368":"s{\"tid\":2392368,\"uid\":1088854,\"fid\":174,\"area\":\"游戏资源\",\"title\":\"[RPG/官方中文]合欢宗女修传 V0.17官中[515 MB][飞猫直连/转度盘]\",\"time\":1745820319666,\"bought\":false,\"replied\":0,\"bounty\":null}","tid_recent#1365947:#2392467":"s{\"tid\":2392467,\"uid\":1397580,\"fid\":174,\"area\":\"游戏资源\",\"title\":\"[RPG/PC+安卓/官中] 合欢宗女修传 V0.17 [FM/600M/微云OD]\",\"time\":1745820319137,\"bought\":false,\"replied\":0,\"bounty\":null}","tid_recent#1365947:#2393147":"s{\"tid\":2393147,\"uid\":1284085,\"fid\":174,\"area\":\"游戏资源\",\"title\":\"[RPG/汉化] 合欢宗女修传 Ver0.17 PC+安卓官方中文版 [多空/700M/微云直连]\",\"time\":1745820318454,\"bought\":false,\"replied\":0,\"bounty\":null}","tid_recent#1365947:#2393532":"s{\"tid\":2393532,\"uid\":2170873,\"fid\":174,\"area\":\"游戏资源\",\"title\":\"[国风仙侠RPG/像素动态/PC] 合欢宗女修传 V0.170 官方中文 [400M/百度/夸克]\",\"time\":1745820295015,\"bought\":false,\"replied\":0,\"bounty\":null}","tid_recent#1365947:#2399389":"s{\"tid\":2399389,\"uid\":302975,\"fid\":174,\"area\":\"游戏资源\",\"title\":\"[官中/RPG]合欢宗女修传-V0.17版[320M/转百度]\",\"time\":1745820241293,\"bought\":false,\"replied\":0,\"bounty\":null}","tid_recent#1365947:#2426470":"s{\"tid\":2426470,\"uid\":402740,\"fid\":48,\"area\":\"询问&求物\",\"title\":\"另结1000，求yuumeilyn的芙莉莲cos的无码版本\",\"time\":1744815015244,\"bought\":false,\"replied\":0,\"bounty\":{\"sp\":50,\"pts\":0,\"winner\":\"414d0fd3\",\"bountyUntil\":-1,\"ended\":2}}","tid_recent#1365947:#2461331":"s{\"tid\":2461331,\"uid\":1014578,\"fid\":48,\"area\":\"询问&求物\",\"title\":\"求各季Jinricp和熊猫班\",\"time\":1743831041119,\"bought\":true,\"replied\":0,\"bounty\":{\"sp\":2000,\"pts\":100,\"winner\":null,\"bountyUntil\":1743831041119,\"ended\":0}}","tid_recent#1365947:#2471723":"s{\"tid\":2471723,\"uid\":1786652,\"fid\":48,\"area\":\"询问&求物\",\"title\":\"求色花堂 【整理】【115ed2k】❤️用心❤️韩国BJ엘리 eli05021212【ELI爱莉】直播2019-2024年份分类，衣装特点标注【246G/385V/14配额】\",\"time\":1744718568541,\"bought\":false,\"replied\":0,\"bounty\":{\"sp\":4000,\"pts\":0,\"winner\":\"caa84360\",\"bountyUntil\":-1,\"ended\":2}}","tid_recent#1365947:#2475568":"s{\"tid\":2475568,\"uid\":1284085,\"fid\":174,\"area\":\"游戏资源\",\"title\":\"[RPG/汉化/有动画] 女忍者榨精动画RPGくノ一傭兵帖 アキナ云翻汉化版 [多空/1.4G/微云直连]\",\"time\":1744528510118,\"bought\":false,\"replied\":0,\"bounty\":null}","tid_recent#1365947:#2477284":"s{\"tid\":2477284,\"uid\":965784,\"fid\":174,\"area\":\"游戏资源\",\"title\":\"[仙侠RPG/官中]  少女修仙传 Ver0.1 官方中文版 [PC+安卓joi/672M/转百度]\",\"time\":1744527827341,\"bought\":false,\"replied\":0,\"bounty\":null}","tid_recent#1365947:#2479816":"s{\"tid\":2479816,\"uid\":2019851,\"fid\":174,\"area\":\"游戏资源\",\"title\":\"[日式RPG/新汉化] 七日女友 7日内奏良被NTR セブンデイズギャル 7日間で奏良はNTRれる PC+安卓 AI汉化版 [1.70G/多空转百度]\",\"time\":1744527826465,\"bought\":false,\"replied\":0,\"bounty\":null}","tid_recent#1365947:#2480262":"s{\"tid\":2480262,\"uid\":1284085,\"fid\":174,\"area\":\"游戏资源\",\"title\":\"[RPG/汉化] 妈妈的圣经☆ママンズバイブル 1.0 PC+安卓汉化版 [多空/1.4G/微云直连]\",\"time\":1744527826367,\"bought\":false,\"replied\":0,\"bounty\":null}","tid_recent#1365947:#2480396":"s{\"tid\":2480396,\"uid\":1284085,\"fid\":174,\"area\":\"游戏资源\",\"title\":\"[ARPG/汉化] 卑鄙者的秘宝~泰隆和性奴隶们 卑怯者の秘宝～タロンと性奴隶たち官方中文版 [多空/3.1G/微云直连]\",\"time\":1744527828305,\"bought\":false,\"replied\":0,\"bounty\":null}","tid_recent#1365947:#2480754":"s{\"tid\":2480754,\"uid\":1284085,\"fid\":174,\"area\":\"游戏资源\",\"title\":\"[RPG/汉化] 妈妈们的地下城 ママンズダンジョン2.0 PC+安卓XY汉化版 [多空/2G/微云直连]\",\"time\":1744527828745,\"bought\":false,\"replied\":0,\"bounty\":null}","tid_recent#1365947:#2481501":"s{\"tid\":2481501,\"uid\":2170873,\"fid\":174,\"area\":\"游戏资源\",\"title\":\"[互动SLG/像素动态] 情欲古式按摩店 -沉迷秘密服务的母女们 v1.97 PC+安卓 官方中文版+DLC [2.2G/飞猫转百度]\",\"time\":1745820581192,\"bought\":false,\"replied\":0,\"bounty\":null}","tid_recent#1365947:#2481553":"s{\"tid\":2481553,\"uid\":1397580,\"fid\":174,\"area\":\"游戏资源\",\"title\":\"[RPG/PC/AI汉化+润色] 重生岛 リボーン・アイランド ～寝取らせプレイと愛のカタチ～ Ver1.08 [FM/2G/微云OD]\",\"time\":1744527829318,\"bought\":false,\"replied\":0,\"bounty\":null}","tid_recent#1365947:#2483314":"s{\"tid\":2483314,\"uid\":832773,\"fid\":48,\"area\":\"询问&求物\",\"title\":\"求老金 【无水印原版首发】国模小鹿大尺度私拍【555P/2.29G】\",\"time\":1743833237190,\"bought\":false,\"replied\":0,\"bounty\":{\"sp\":100,\"pts\":0,\"winner\":\"e51dbd47\",\"bountyUntil\":-1,\"ended\":2}}","tid_recent#1365947:#2486134":"s{\"tid\":2486134,\"uid\":1383702,\"fid\":9,\"area\":\"茶馆\",\"title\":\"调侃网是不是跑路了？\",\"time\":1743830729236,\"bought\":false,\"replied\":0,\"bounty\":null}","tid_recent#1365947:#2486807":"s{\"tid\":2486807,\"uid\":1890736,\"fid\":48,\"area\":\"询问&求物\",\"title\":\"求视频出处\",\"time\":1743833046593,\"bought\":false,\"replied\":0,\"bounty\":{\"sp\":100,\"pts\":10,\"winner\":null,\"bountyUntil\":1744553046592,\"ended\":0}}","tid_recent#1365947:#2486888":"s{\"tid\":2486888,\"uid\":389679,\"fid\":48,\"area\":\"询问&求物\",\"title\":\"求这个大奶妹大全部资源呀\",\"time\":1743832729930,\"bought\":false,\"replied\":0,\"bounty\":{\"sp\":50,\"pts\":10,\"winner\":null,\"bountyUntil\":1744559929929,\"ended\":0}}","tid_recent#1365947:#2490183":"s{\"tid\":2490183,\"uid\":1284085,\"fid\":174,\"area\":\"游戏资源\",\"title\":\"[SLG/汉化] 外送热 v25.03.13 官方中文正式版+存档 [多空/3.3G/微云直连]\",\"time\":1744514151238,\"bought\":false,\"replied\":0,\"bounty\":null}","tid_recent#1365947:#2493272":"s{\"tid\":2493272,\"uid\":1563769,\"fid\":48,\"area\":\"询问&求物\",\"title\":\"求视频出处\",\"time\":1743832740092,\"bought\":false,\"replied\":0,\"bounty\":{\"sp\":20,\"pts\":10,\"winner\":null,\"bountyUntil\":1745146740092,\"ended\":0}}","tid_recent#1365947:#2498678":"s{\"tid\":2498678,\"uid\":1045172,\"fid\":48,\"area\":\"询问&求物\",\"title\":\"求一张有关修女的色图\",\"time\":1743832746463,\"bought\":false,\"replied\":0,\"bounty\":{\"sp\":20,\"pts\":10,\"winner\":null,\"bountyUntil\":1745647146463,\"ended\":0}}","tid_recent#1365947:#2500824":"s{\"tid\":2500824,\"uid\":1088854,\"fid\":174,\"area\":\"游戏资源\",\"title\":\"[SLG/官方中文] 外送热 Ver0315官中汉化[3.31 GB][FM直连/转度盘]\",\"time\":1745119795210,\"bought\":false,\"replied\":0,\"bounty\":null}","tid_recent#1365947:#2501263":"s{\"tid\":2501263,\"uid\":1111063,\"fid\":48,\"area\":\"询问&求物\",\"title\":\"300SP 求超色伪娘荼靡tumi自整理资源\",\"time\":1743832948492,\"bought\":false,\"replied\":0,\"bounty\":{\"sp\":20,\"pts\":10,\"winner\":null,\"bountyUntil\":1745899348491,\"ended\":0}}","tid_recent#1365947:#2502131":"s{\"tid\":2502131,\"uid\":2046701,\"fid\":48,\"area\":\"询问&求物\",\"title\":\"求一杆钢枪女警察的视频\",\"time\":1743833008355,\"bought\":false,\"replied\":0,\"bounty\":{\"sp\":20,\"pts\":10,\"winner\":null,\"bountyUntil\":1745978608354,\"ended\":0}}","tid_recent#1365947:#2503999":"s{\"tid\":2503999,\"uid\":870518,\"fid\":48,\"area\":\"询问&求物\",\"title\":\"求“00后英语老师多次裸贷无力偿还 肉偿抵债”\",\"time\":1743832861897,\"bought\":false,\"replied\":0,\"bounty\":{\"sp\":20,\"pts\":0,\"winner\":\"60494b1c\",\"bountyUntil\":-1,\"ended\":2}}","tid_recent#1365947:#2505381":"s{\"tid\":2505381,\"uid\":1918362,\"fid\":48,\"area\":\"询问&求物\",\"title\":\"求图中电视上的资源出处，作者名称\",\"time\":1743833004521,\"bought\":false,\"replied\":0,\"bounty\":{\"sp\":50,\"pts\":10,\"winner\":null,\"bountyUntil\":1746263004521,\"ended\":0}}","tid_recent#1365947:#2506120":"s{\"tid\":2506120,\"uid\":1339032,\"fid\":48,\"area\":\"询问&求物\",\"title\":\"求大手子找下四张二次元图片出处和原图，每个30sp，谢谢\",\"time\":1743833004993,\"bought\":false,\"replied\":0,\"bounty\":{\"sp\":30,\"pts\":30,\"winner\":null,\"bountyUntil\":1746338604993,\"ended\":0}}","tid_recent#1365947:#2506124":"s{\"tid\":2506124,\"uid\":1339032,\"fid\":48,\"area\":\"询问&求物\",\"title\":\"求大手子找下四张二次元图片出处和原图，每个30sp，谢谢\",\"time\":1743833005511,\"bought\":false,\"replied\":0,\"bounty\":{\"sp\":30,\"pts\":30,\"winner\":null,\"bountyUntil\":1746338605511,\"ended\":0}}","tid_recent#1365947:#2506387":"s{\"tid\":2506387,\"uid\":623548,\"fid\":48,\"area\":\"询问&求物\",\"title\":\"求魔性 [国产] 自行收集的，口交，口爆，口交侍奉 颜射合集收集的， 短视频合集 看反差婊们全自动服务\",\"time\":1743832859035,\"bought\":false,\"replied\":0,\"bounty\":{\"sp\":100,\"pts\":10,\"winner\":null,\"bountyUntil\":1746352859035,\"ended\":0}}","tid_recent#1365947:#2506466":"s{\"tid\":2506466,\"uid\":1240614,\"fid\":48,\"area\":\"询问&求物\",\"title\":\"求图片出处作者，社保了 （灵狐，为你引路！）\",\"time\":1743832866995,\"bought\":false,\"replied\":0,\"bounty\":{\"sp\":20,\"pts\":10,\"winner\":null,\"bountyUntil\":1746360066994,\"ended\":0}}","tid_recent#1365947:#2506509":"s{\"tid\":2506509,\"uid\":2081720,\"fid\":48,\"area\":\"询问&求物\",\"title\":\"求【易直播】iess足模丘主管 第一视角美脚特写 写真级佳作\",\"time\":1743832728783,\"bought\":false,\"replied\":0,\"bounty\":{\"sp\":100,\"pts\":10,\"winner\":null,\"bountyUntil\":1746363528783,\"ended\":0}}","tid_recent#1365947:#2506886":"s{\"tid\":2506886,\"uid\":1684099,\"fid\":48,\"area\":\"询问&求物\",\"title\":\"求此图出处（原图和画师）\",\"time\":1743832853253,\"bought\":false,\"replied\":0,\"bounty\":{\"sp\":50,\"pts\":10,\"winner\":null,\"bountyUntil\":1746410453253,\"ended\":0}}","tid_recent#1365947:#2506928":"s{\"tid\":2506928,\"uid\":118259,\"fid\":48,\"area\":\"询问&求物\",\"title\":\"求一下91这个极品身材女上出处\",\"time\":1743832729315,\"bought\":false,\"replied\":0,\"bounty\":{\"sp\":20,\"pts\":10,\"winner\":null,\"bountyUntil\":1746413929314,\"ended\":0}}","tid_recent#1365947:#2507033":"s{\"tid\":2507033,\"uid\":100618,\"fid\":48,\"area\":\"询问&求物\",\"title\":\"求个短视频 叫操女儿对白强\",\"time\":1743832868841,\"bought\":false,\"replied\":0,\"bounty\":{\"sp\":20,\"pts\":10,\"winner\":null,\"bountyUntil\":1746421268841,\"ended\":0}}","tid_recent#1365947:#2507063":"s{\"tid\":2507063,\"uid\":1301306,\"fid\":48,\"area\":\"询问&求物\",\"title\":\"求这个bbc出处，体位太色了\",\"time\":1743832739433,\"bought\":false,\"replied\":0,\"bounty\":{\"sp\":300,\"pts\":10,\"winner\":null,\"bountyUntil\":1746424739433,\"ended\":0}}","tid_recent#1365947:#2508454":"s{\"tid\":2508454,\"uid\":1088854,\"fid\":174,\"area\":\"游戏资源\",\"title\":\"[RPG/NTR/官方中文](隐奸特化) 在末日中堕落的女友 Ver2.0官中(末日の中で彼女が堕落した/她在末日中堕落了)[1.24 GB][FM直连/转度盘]\",\"time\":1744533210442,\"bought\":false,\"replied\":0,\"bounty\":null}","tid_recent#1365947:#2511648":"s{\"tid\":2511648,\"uid\":2170873,\"fid\":174,\"area\":\"游戏资源\",\"title\":\"[爆款RPG/动态/新KR] 痴情哥哥与病弱妹妹的乡间生活 エッチで一途なド田舎兄さまと、古式ゆかしい病弱妹 PC+安卓KR 官方中文+特典+CG [10.2G/飞猫转百度]\",\"time\":1744514990729,\"bought\":false,\"replied\":0,\"bounty\":null}","tid_recent#1365947:#2511708":"s{\"tid\":2511708,\"uid\":1284085,\"fid\":174,\"area\":\"游戏资源\",\"title\":\"[RPG/汉化] 令人毛骨悚然的恐怖故事 1.0 PC+安卓汉化版 [多空/700M/微云直连]\",\"time\":1744514943073,\"bought\":false,\"replied\":0,\"bounty\":null}","tid_recent#1365947:#2511710":"s{\"tid\":2511710,\"uid\":1284085,\"fid\":174,\"area\":\"游戏资源\",\"title\":\"[RPG/汉化] 魅魔的欲望～莉莉丝计划～ SUCCUBUS DESIRE~リリスプロジェクト~ v1.1.0 AI挂载汉化版 [多空/1G/微云直连]\",\"time\":1744514941419,\"bought\":false,\"replied\":0,\"bounty\":null}","tid_recent#1365947:#2511738":"s{\"tid\":2511738,\"uid\":2019851,\"fid\":174,\"area\":\"游戏资源\",\"title\":\"[日式RPG/新汉化] 埋葬虫的练习 埋葬蟲のエチュード V2.0 PC+安卓 汉化版 [3.40G/多空/百度]\",\"time\":1744514937241,\"bought\":false,\"replied\":0,\"bounty\":null}","tid_recent#1365947:#2511748":"s{\"tid\":2511748,\"uid\":302975,\"fid\":174,\"area\":\"游戏资源\",\"title\":\"[官中/ARPG]LonaRPG-洛娜的世界-V0.9.8.1官中版[600M/转百度]\",\"time\":1744514931387,\"bought\":false,\"replied\":0,\"bounty\":null}","tid_recent#1365947:#2511913":"s{\"tid\":2511913,\"uid\":1284085,\"fid\":174,\"area\":\"游戏资源\",\"title\":\"[RPG/汉化] 你能做的，只有按下按钮而已1.0 PC+安卓汉化版 [多空/1G/微云直连]\",\"time\":1744514895011,\"bought\":false,\"replied\":0,\"bounty\":null}","tid_recent#1365947:#2511996":"s{\"tid\":2511996,\"uid\":965784,\"fid\":174,\"area\":\"游戏资源\",\"title\":\"[大型日式RPG/中文/PC+安卓] [栗pick] 心灵旅达 マインド·リュダ Ver1.36 官方中文+全CG [5.5G/新作/转百度/转微云]\",\"time\":1744514876285,\"bought\":false,\"replied\":0,\"bounty\":null}","tid_recent#1365947:#2512156":"s{\"tid\":2512156,\"uid\":1797689,\"fid\":174,\"area\":\"游戏资源\",\"title\":\"[RPG/ PC+安卓/AI汉化 ] 我把熟女妈妈们肚子搞大了 オバサンズ・サガ V1.30 [800M/多空/OD]\",\"time\":1744514842938,\"bought\":false,\"replied\":0,\"bounty\":null}","tid_recent#1365947:#2512157":"s{\"tid\":2512157,\"uid\":1797689,\"fid\":174,\"area\":\"游戏资源\",\"title\":\"[RPG/AI汉化/PC] 性欲旺盛的姐姐们 シリガルクエスト V1.2  [2.2G/多空/OD]\",\"time\":1744514841592,\"bought\":false,\"replied\":0,\"bounty\":null}","tid_recent#1365947:#2512195":"s{\"tid\":2512195,\"uid\":2019851,\"fid\":174,\"area\":\"游戏资源\",\"title\":\"[日式RPG/更新] 成人影像！从色情开始 アダルトヴィジョン! -reSTARt from the ERO- Ver1.04 AI汉化版 [7.50G/多空转百度]\",\"time\":1744514835636,\"bought\":false,\"replied\":0,\"bounty\":null}","tid_recent#1365947:#2512196":"s{\"tid\":2512196,\"uid\":2019851,\"fid\":174,\"area\":\"游戏资源\",\"title\":\"[日式RPG/新作] 秘密基地的秘密 ひみつきちのヒミツ AI汉化版 [2.30G/多空转百度]\",\"time\":1744514835308,\"bought\":false,\"replied\":0,\"bounty\":null}","tid_recent#1365947:#2512671":"s{\"tid\":2512671,\"uid\":1797689,\"fid\":174,\"area\":\"游戏资源\",\"title\":\"[RPG/人工汉化/PC] GranEndeII [500M/多空/OD]\",\"time\":1744514790942,\"bought\":false,\"replied\":0,\"bounty\":null}","tid_recent#1365947:#2512672":"s{\"tid\":2512672,\"uid\":1797689,\"fid\":174,\"area\":\"游戏资源\",\"title\":\"[RPG/人工汉化/PC] GranEnde [100M/多空/OD]\",\"time\":1744514786253,\"bought\":false,\"replied\":0,\"bounty\":null}","tid_recent#1365947:#2512835":"s{\"tid\":2512835,\"uid\":1284085,\"fid\":174,\"area\":\"游戏资源\",\"title\":\"[RPG/汉化] 重回学生时代1.01 PC+安卓汉化版 [多空/1.2G/微云直连]\",\"time\":1744514750909,\"bought\":false,\"replied\":0,\"bounty\":null}","tid_recent#1365947:#2513004":"s{\"tid\":2513004,\"uid\":2019851,\"fid\":174,\"area\":\"游戏资源\",\"title\":\"[国产RPG/真人/动态/更新] 鬼谷八荒 Ver1.2.106.259 V25.04 官方中文版 五朵金花版+绅士MOD整合魔改 [68.30G/多空转百度]\",\"time\":1744514740595,\"bought\":false,\"replied\":0,\"bounty\":null}","tid_recent#1365947:#2513012":"s{\"tid\":2513012,\"uid\":2019851,\"fid\":174,\"area\":\"游戏资源\",\"title\":\"[日式RPG/NTR/新汉化] 大屁股转生 デカケツ転生 Ver1.1 PC+安卓 AI汉化版 [2.50G/多空转百度]\",\"time\":1744514701476,\"bought\":false,\"replied\":0,\"bounty\":null}","tid_recent#1365947:#2513034":"s{\"tid\":2513034,\"uid\":2019851,\"fid\":174,\"area\":\"游戏资源\",\"title\":\"[欧美SLG/动态/更新] 坏人公司 巴迪斯公司 Baddies Inc. v0.1.15 PC+安卓 汉化版 [2.0G/多空转百度]\",\"time\":1744514695651,\"bought\":false,\"replied\":0,\"bounty\":null}","tid_recent#1365947:#2513042":"s{\"tid\":2513042,\"uid\":522610,\"fid\":174,\"area\":\"游戏资源\",\"title\":\"[2025年4月9日新作/日式RPG/高品质精美CG新作]精灵少女莉菲娅与梦幻迷宫 AI中文硬盘版[多空直链百度0.5G]\",\"time\":1744514690561,\"bought\":false,\"replied\":0,\"bounty\":null}","tid_recent#1365947:#2513201":"s{\"tid\":2513201,\"uid\":1284085,\"fid\":174,\"area\":\"游戏资源\",\"title\":\"[RPG/汉化] 格兰恩德传奇 1.0 PC+安卓汉化版 [多空/2.9G/微云直连]\",\"time\":1744514678515,\"bought\":false,\"replied\":0,\"bounty\":null}","tid_recent#1365947:#2513215":"s{\"tid\":2513215,\"uid\":1284085,\"fid\":174,\"area\":\"游戏资源\",\"title\":\"[RPG/官中/神作] 黑魂童话世界~BLACKSOULS Ⅱ Ver.4.4 全DLC 附带真结局全CG [多空/1.6G/微云直连]\",\"time\":1744514677164,\"bought\":false,\"replied\":0,\"bounty\":null}","tid_recent#1365947:#2513265":"s{\"tid\":2513265,\"uid\":853550,\"fid\":174,\"area\":\"游戏资源\",\"title\":\"[RPG/官中/动态] 缎带少女RANZE全裸徘徊中 官方中文 [925M/FM/WY]\",\"time\":1744514657440,\"bought\":false,\"replied\":0,\"bounty\":null}","tid_recent#1365947:#2513359":"s{\"tid\":2513359,\"uid\":1284085,\"fid\":174,\"area\":\"游戏资源\",\"title\":\"[RPG/汉化] 侵犯NPC！5代！重生之主宰NPC PC+安卓汉化作弊版 [多空/400M/微云直连]\",\"time\":1744514652368,\"bought\":false,\"replied\":0,\"bounty\":null}","tid_recent#1365947:#2513436":"s{\"tid\":2513436,\"uid\":1042673,\"fid\":173,\"area\":\"实用漫画\",\"title\":\"[韩漫][DM出品]《末日雕堡》[01-17][连载合集][JPG+PDF][991MB/WF]\",\"time\":1744533205222,\"bought\":false,\"replied\":0,\"bounty\":null}","tid_recent#1365947:#2513441":"s{\"tid\":2513441,\"uid\":2170873,\"fid\":174,\"area\":\"游戏资源\",\"title\":\"[日式RPG/战斗H/恶堕] 潜入娱乐街露迪尔 娯楽街ルーディルへの潜入 v1.5 PC+安卓 中文汉化版 [1.2G/飞猫转百度]\",\"time\":1744515823146,\"bought\":false,\"replied\":0,\"bounty\":null}","tid_recent#1365947:#2513446":"s{\"tid\":2513446,\"uid\":2170873,\"fid\":174,\"area\":\"游戏资源\",\"title\":\"[日式RPG/NTR/更新/PC] 尸落之城─堕入欲望的阴影 ZostCity v0.6.0 官方中文版 [1.6G/飞猫转百度]\",\"time\":1744515820125,\"bought\":false,\"replied\":0,\"bounty\":null}","tid_recent#1365947:#2513454":"s{\"tid\":2513454,\"uid\":2170873,\"fid\":174,\"area\":\"游戏资源\",\"title\":\"[亚洲风SLG/动态/更新] 校长先生 The Headmaster v0.16.4.3public Mykock’s Manor Ch.3 PC+安卓 汉化版 [10G/飞猫转百度]\",\"time\":1744515605669,\"bought\":false,\"replied\":0,\"bounty\":null}","tid_recent#1365947:#2513551":"s{\"tid\":2513551,\"uid\":1797689,\"fid\":174,\"area\":\"游戏资源\",\"title\":\"[RPG/AI汉化/PC/安卓] 放課後のすけべ倶楽部 Ver1.1 [1G/多空/OD]\",\"time\":1744514616226,\"bought\":false,\"replied\":0,\"bounty\":null}","tid_recent#1365947:#2513654":"s{\"tid\":2513654,\"uid\":2108709,\"fid\":174,\"area\":\"游戏资源\",\"title\":\"[RPG/AI汉化/PC] 淫堕的冒险者安娜～最强冒险者沦为底层男人的女人～淫堕の冒険者アンナ～最強の冒険者が底辺男の女になるまで～[1.44G][FM转度盘]\",\"time\":1744514601308,\"bought\":false,\"replied\":0,\"bounty\":null}","tid_recent#1365947:#2513834":"s{\"tid\":2513834,\"uid\":1732957,\"fid\":174,\"area\":\"游戏资源\",\"title\":\"[ARPG/动态]阿尔哈兰的圣杯 [FM/70M/百度]\",\"time\":1744514548262,\"bought\":false,\"replied\":0,\"bounty\":null}","tid_recent#1365947:#2514009":"s{\"tid\":2514009,\"uid\":1284085,\"fid\":174,\"area\":\"游戏资源\",\"title\":\"[SLG游戏/汉化] 血河传奇：回传器 The BloodRiver Saga Retransmitter v0.05.2 PC+安卓汉化版 [多空/1.1G/微云直连]\",\"time\":1744514539437,\"bought\":false,\"replied\":0,\"bounty\":null}","tid_recent#1365947:#2514015":"s{\"tid\":2514015,\"uid\":1284085,\"fid\":174,\"area\":\"游戏资源\",\"title\":\"[SLG游戏/汉化] 困难时期 海峡时代 Straitened Times v0.60.1 PC+安卓汉化版 [多空/4G/微云直连]\",\"time\":1744514538241,\"bought\":false,\"replied\":0,\"bounty\":null}","tid_recent#1365947:#2514042":"s{\"tid\":2514042,\"uid\":2019851,\"fid\":174,\"area\":\"游戏资源\",\"title\":\"[日式RPG/新汉化] 蕾娜的魔石与晋升试炼 レイナの魔石と昇格試験 内嵌AI汉化版 [370M/多空转百度]\",\"time\":1744514368245,\"bought\":false,\"replied\":0,\"bounty\":null}","tid_recent#1365947:#2514044":"s{\"tid\":2514044,\"uid\":2019851,\"fid\":174,\"area\":\"游戏资源\",\"title\":\"[亚洲风ARPG/NTR/动态/更新] 尸落之城─堕入欲望的阴影─ V0.6.0 官方中文版 [1.80G/多空转百度]\",\"time\":1744514363107,\"bought\":false,\"replied\":0,\"bounty\":null}","tid_recent#1365947:#2514187":"s{\"tid\":2514187,\"uid\":2184639,\"fid\":174,\"area\":\"游戏资源\",\"title\":\"[RPG/AI汉化/PC+安卓/全CG] 冒险者露米娜×露娜莉亚～妖魔盘踞的城镇～（冒険者ルミナ×ルナリア 〜妖魔の巣食う町〜）[660M/FM/BD]\",\"time\":1744514350789,\"bought\":false,\"replied\":0,\"bounty\":null}","tid_recent#1365947:#2514189":"s{\"tid\":2514189,\"uid\":2184639,\"fid\":174,\"area\":\"游戏资源\",\"title\":\"[RPG/内置AI汉化/PC+安卓/肉体改造/存档] 机器 :RE 创新（Machina :RE Creation）ver1.01 [610M/FM/BD]\",\"time\":1744514349309,\"bought\":false,\"replied\":0,\"bounty\":null}","tid_recent#1365947:#2514204":"s{\"tid\":2514204,\"uid\":1732957,\"fid\":174,\"area\":\"游戏资源\",\"title\":\"[热门RPG/中文]释放自我！户外直播体验 v1.2 官方中文版 [新作] [FM/630M/百度]\",\"time\":1744514343189,\"bought\":false,\"replied\":0,\"bounty\":null}","tid_recent#1365947:#2514357":"s{\"tid\":2514357,\"uid\":1284085,\"fid\":174,\"area\":\"游戏资源\",\"title\":\"[RPG/汉化] NTRx休闲逃脱游戏 1.0 PC+安卓汉化版 [多空/1.6G/微云直连]\",\"time\":1744514317614,\"bought\":false,\"replied\":0,\"bounty\":null}","tid_recent#1365947:#2514428":"s{\"tid\":2514428,\"uid\":2170873,\"fid\":174,\"area\":\"游戏资源\",\"title\":\"[日式SLG/动态] 为美好的世界献上祝福：后宫大冒险 KonoSuba - The Harem Adventures v2.5b PC+安卓 汉化版 [3.3G/飞猫转百度]\",\"time\":1744533193962,\"bought\":false,\"replied\":0,\"bounty\":null}","tid_recent#1365947:#2514434":"s{\"tid\":2514434,\"uid\":2170873,\"fid\":174,\"area\":\"游戏资源\",\"title\":\"[爆款RPG/恶堕/新作/PC] 留级魔女与贤者之石 落第魔女イリスと賢者の石 v1.0.2 官中步兵版 [1G/飞猫转百度]\",\"time\":1744514312486,\"bought\":false,\"replied\":0,\"bounty\":null}","tid_recent#1365947:#2514436":"s{\"tid\":2514436,\"uid\":2170873,\"fid\":174,\"area\":\"游戏资源\",\"title\":\"[日式RPG/NTR/新作/PC] NTR被寝取的学园～花季少女与异界来客～ SIDE正义 NTR寝取られ学園〜花の女子達と異世界からの来訪者〜 SIDE正義 AI汉化 [1.8G/飞猫转百度]\",\"time\":1744514308024,\"bought\":false,\"replied\":0,\"bounty\":null}","tid_recent#1365947:#2514442":"s{\"tid\":2514442,\"uid\":2170873,\"fid\":174,\"area\":\"游戏资源\",\"title\":\"[欧美SLG/沙盒/更新] 魔法学院 Magic Academy v0.4.3.5 PC+安卓 官中步兵版 [1.3G/飞猫转百度]\",\"time\":1744514305733,\"bought\":false,\"replied\":0,\"bounty\":null}","tid_recent#1365947:#2514446":"s{\"tid\":2514446,\"uid\":2170873,\"fid\":174,\"area\":\"游戏资源\",\"title\":\"[日式RPG/淫乱/更新/PC] 虚渺裂界 Ethereal Sunder v0.19 AI汉化 [700M/飞猫转百度]\",\"time\":1744514293142,\"bought\":false,\"replied\":0,\"bounty\":null}","tid_recent#1365947:#2514465":"s{\"tid\":2514465,\"uid\":1797689,\"fid\":174,\"area\":\"游戏资源\",\"title\":\"[RPG/官中/PC] 释放自我！户外直播体验 [304M/多空/OD]\",\"time\":1744514236531,\"bought\":false,\"replied\":0,\"bounty\":null}","tid_recent#1365947:#2514469":"s{\"tid\":2514469,\"uid\":1797689,\"fid\":174,\"area\":\"游戏资源\",\"title\":\"[RPG/内嵌AI汉化/PC/安卓] 逆夢のメナスフィア Ver1.11+全回想  [2.10G/多空/OD]\",\"time\":1744514232230,\"bought\":false,\"replied\":0,\"bounty\":null}","tid_recent#1365947:#2514510":"s{\"tid\":2514510,\"uid\":1797689,\"fid\":174,\"area\":\"游戏资源\",\"title\":\"[RPG/内嵌AI汉化/全回想/PC/安卓]ようこそ!催眠村 [146M/多空/OD]\",\"time\":1744514226330,\"bought\":false,\"replied\":0,\"bounty\":null}","tid_recent#1365947:#2514516":"s{\"tid\":2514516,\"uid\":1797689,\"fid\":174,\"area\":\"游戏资源\",\"title\":\"[RPG/官中/PC] 爸爸面前操妈妈 [2.97G/多空/OD]\",\"time\":1744514219436,\"bought\":false,\"replied\":0,\"bounty\":null}","tid_recent#1365947:#2514519":"s{\"tid\":2514519,\"uid\":1797689,\"fid\":174,\"area\":\"游戏资源\",\"title\":\"[SLG/中文/PC]环世界/世界边缘/RimWorld Ver1.5.4297 绅士邪恶整合版 [3.2G/多空/OD]\",\"time\":1744515555949,\"bought\":false,\"replied\":0,\"bounty\":null}","tid_recent#1365947:#2514822":"s{\"tid\":2514822,\"uid\":1284085,\"fid\":174,\"area\":\"游戏资源\",\"title\":\"[SLG/汉化] 淘气的海盗 Naughty Pirates v0.25 PC+安卓汉化版 [多空/500M/微云直连]\",\"time\":1744533098506,\"bought\":false,\"replied\":0,\"bounty\":null}","tid_recent#1365947:#2514847":"s{\"tid\":2514847,\"uid\":1284085,\"fid\":174,\"area\":\"游戏资源\",\"title\":\"[RPG游戏/汉化] 梅林西纳的魔淫书メリュジーヌの魔淫書ver1.2 云翻汉化版 [多空/2G/微云直连]\",\"time\":1744533095461,\"bought\":false,\"replied\":0,\"bounty\":null}","tid_recent#1365947:#2514860":"s{\"tid\":2514860,\"uid\":805056,\"fid\":174,\"area\":\"游戏资源\",\"title\":\"[RPG/汉化/动态][NTR×休闲逃脱游戏]COCUISM 挂载AI汉化版+存档[新汉化][FM/1.5G/百度]\",\"time\":1744533082786,\"bought\":false,\"replied\":0,\"bounty\":null}","tid_recent#1365947:#2514862":"s{\"tid\":2514862,\"uid\":805056,\"fid\":174,\"area\":\"游戏资源\",\"title\":\"[3DSLG/汉化/动态]能让她高潮的只有我 机翻汉化版[新作][FM/1.7G/百度]\",\"time\":1744533089448,\"bought\":false,\"replied\":0,\"bounty\":null}","tid_recent#1365947:#2514865":"s{\"tid\":2514865,\"uid\":805056,\"fid\":174,\"area\":\"游戏资源\",\"title\":\"[互动SLG/中文]隔壁班的可爱女孩～掌握秘密后从情色活动到排泄管理～ V1.1 官方中文版[新作][FM/350M/百度]\",\"time\":1744533084048,\"bought\":false,\"replied\":0,\"bounty\":null}","tid_recent#1365947:#2514867":"s{\"tid\":2514867,\"uid\":805056,\"fid\":174,\"area\":\"游戏资源\",\"title\":\"[像素SLG/中文/动态]草批模拟器：夜猫子 官方中文版[新作][FM/2.1G/百度]\",\"time\":1744533085068,\"bought\":false,\"replied\":0,\"bounty\":null}","tid_recent#1365947:#2514892":"s{\"tid\":2514892,\"uid\":1284085,\"fid\":174,\"area\":\"游戏资源\",\"title\":\"[ADV/汉化] 久那土国记 Build.12936355-1.10HF STEAM官方中文版 [多空/4.4G/微云直连]\",\"time\":1744533050289,\"bought\":false,\"replied\":0,\"bounty\":null}","tid_recent#1365947:#2517781":"s{\"tid\":2517781,\"uid\":1088854,\"fid\":174,\"area\":\"游戏资源\",\"title\":\"[RPG/官方中文] 少女修仙传 v0.1官中汉化[622 MB][FM直连/转度盘]\",\"time\":1745820143814,\"bought\":false,\"replied\":0,\"bounty\":null}","tid_recent#1365947:#2517917":"s{\"tid\":2517917,\"uid\":1363232,\"fid\":9,\"area\":\"茶馆\",\"title\":\"有无关于剑与魔法的小说推荐，比较好看的那种，最好是完结的\",\"time\":1744815013347,\"bought\":false,\"replied\":0,\"bounty\":null}","tid_recent#1365947:#2518472":"s{\"tid\":2518472,\"uid\":2019851,\"fid\":174,\"area\":\"游戏资源\",\"title\":\"[国产RPG/动态/更新] 重时：余火再燃-黯萩影 Rebirth of Time: The Flame Rekindled v25.04.15 官中版 [7.80G/多空转百度]\",\"time\":1745119755042,\"bought\":false,\"replied\":0,\"bounty\":null}","tid_recent#1365947:#2519184":"s{\"tid\":2519184,\"uid\":1797689,\"fid\":174,\"area\":\"游戏资源\",\"title\":\"[RPG/新作] 猫宫喵奥加油-坚强的猫耳想要报恩- 猫宮みゃお頑張ります -健気な猫耳は恩返しがしたい  官中 [1.3G/多空/百度OD]\",\"time\":1745119707326,\"bought\":false,\"replied\":0,\"bounty\":null}","tid_recent#1365947:#2519212":"s{\"tid\":2519212,\"uid\":1732957,\"fid\":174,\"area\":\"游戏资源\",\"title\":\"[RPG/汉化/NTR]月夜下辉映的赤红之花体验版 挂载AI汉化版 [PC+安卓] [FM/1.1G/百度]\",\"time\":1745119704209,\"bought\":false,\"replied\":0,\"bounty\":null}","tid_recent#1365947:#2519218":"s{\"tid\":2519218,\"uid\":1284085,\"fid\":174,\"area\":\"游戏资源\",\"title\":\"[日系RPG/汉化] 奇妙炼金术泳装外传 ファントムアルケミア水着外伝 PC+安卓汉化版 [多空/800M/微云直连]\",\"time\":1745119700966,\"bought\":false,\"replied\":0,\"bounty\":null}","tid_recent#1365947:#2519461":"s{\"tid\":2519461,\"uid\":2019851,\"fid\":174,\"area\":\"游戏资源\",\"title\":\"[日式RPG/新汉化] 退魔的工作~本应该消灭妖魔的却变成了倒影~ 退魔のおしごと～妖魔退治のはずが流れえっちに変貌～ PC+安卓 AI汉化版 [980M/多空转百度]\",\"time\":1745119664059,\"bought\":false,\"replied\":0,\"bounty\":null}","tid_recent#1365947:#2519462":"s{\"tid\":2519462,\"uid\":2019851,\"fid\":174,\"area\":\"游戏资源\",\"title\":\"[日式RPG/新安卓] 女体改造地下城～摧毁刚强女骑士的尊严～ 女体改造ダンジョン～屈強女騎士の尊厳破壊～PC+安卓 AI汉化版+作弊码 [1.0G/多空转百度]\",\"time\":1745119661205,\"bought\":false,\"replied\":0,\"bounty\":null}","tid_recent#1365947:#2519465":"s{\"tid\":2519465,\"uid\":2019851,\"fid\":174,\"area\":\"游戏资源\",\"title\":\"[日式RPG/新汉化] 女忍者朝雾&阳炎～色情装置・卖淫・败北色情・迷宫RPG～ くのいち朝霧&陽炎～色仕掛け～ PC+安卓 AI汉化版+作弊码 [930M/多空转百度]\",\"time\":1745119657235,\"bought\":false,\"replied\":0,\"bounty\":null}","tid_recent#1365947:#2519763":"s{\"tid\":2519763,\"uid\":1284085,\"fid\":174,\"area\":\"游戏资源\",\"title\":\"[RPG游戏/汉化] 被喜欢弱男的女性反咬一口的结果RPG云翻汉化版 [多空/1.1G/微云直连]\",\"time\":1745119633099,\"bought\":false,\"replied\":0,\"bounty\":null}","tid_recent#1365947:#2520165":"s{\"tid\":2520165,\"uid\":1284085,\"fid\":174,\"area\":\"游戏资源\",\"title\":\"[RPG/汉化] 宁音的鹿出愿望 寧音には鹿出願望がある PC+安卓AI汉化版 [多空/3.5G/微云直连]\",\"time\":1745119584976,\"bought\":false,\"replied\":0,\"bounty\":null}","tid_recent#1365947:#2520171":"s{\"tid\":2520171,\"uid\":1284085,\"fid\":174,\"area\":\"游戏资源\",\"title\":\"[日系RPG/汉化] 女搜查官莱卡 女调查员莱卡 PC+安卓汉化版 [多空/1.3G/微云直连]\",\"time\":1745119579444,\"bought\":false,\"replied\":0,\"bounty\":null}","tid_recent#1365947:#2520273":"s{\"tid\":2520273,\"uid\":1732957,\"fid\":174,\"area\":\"游戏资源\",\"title\":\"[热门RPG/汉化/NTR]学园特警部 挂载AI汉化版[FM/1.6G/百度]\",\"time\":1745119566017,\"bought\":false,\"replied\":0,\"bounty\":null}","tid_recent#1365947:#2520355":"s{\"tid\":2520355,\"uid\":2019851,\"fid\":174,\"area\":\"游戏资源\",\"title\":\"[日式RPG/更新] 勇者查拉奥的冒险 勇者チャラオの冒険 Ver1.5 AI汉化版+全回想存档 [2.30G/多空转百度]\",\"time\":1745117055478,\"bought\":false,\"replied\":0,\"bounty\":null}","tid_recent#1365947:#2520359":"s{\"tid\":2520359,\"uid\":1797689,\"fid\":174,\"area\":\"游戏资源\",\"title\":\"[RPG/更新] 魔术学校的落榜炼金术师 魔術学校の落ちこぼれ錬金術師 Ver2.0 [2.7G/多空/百度OD]\",\"time\":1745117051845,\"bought\":false,\"replied\":0,\"bounty\":null}","tid_recent#1365947:#2520360":"s{\"tid\":2520360,\"uid\":1797689,\"fid\":174,\"area\":\"游戏资源\",\"title\":\"[RPG/更新] 恶作剧啦啦队的色诱大作战！ いじわるチア部の色仕掛け大作戦! Ver1.04 官方AI汉化 [700M/多空/百度OD]\",\"time\":1745117048344,\"bought\":false,\"replied\":0,\"bounty\":null}","tid_recent#1365947:#2520384":"s{\"tid\":2520384,\"uid\":2019851,\"fid\":174,\"area\":\"游戏资源\",\"title\":\"[日式RPG/更新] 魔术学校的落榜炼金术师 魔術学校の落ちこぼれ錬金術師 Ver2.0 AI汉化版+自带全回想解放 [5.10G/多空转百度]\",\"time\":1745818634603,\"bought\":false,\"replied\":0,\"bounty\":null}","tid_recent#1365947:#2520814":"s{\"tid\":2520814,\"uid\":1397580,\"fid\":174,\"area\":\"游戏资源\",\"title\":\"[RPG/PC/AI汉化] 复仇魔女伊莉娜～败北与隶属的刻印～ 復讐の魔女イリーナ〜敗北と隷従の刻印〜 [FM/520M/百度微云]\",\"time\":1745117011149,\"bought\":false,\"replied\":0,\"bounty\":null}","tid_recent#1365947:#2520821":"s{\"tid\":2520821,\"uid\":2170873,\"fid\":174,\"area\":\"游戏资源\",\"title\":\"[日式RPG/战斗H/新作/PC] 猫宫喵奥加油～坚强的猫耳想要报恩～猫宮みゃお頑張ります -健気な猫耳は恩返しがしたい-官方机翻版 [900M/飞猫转百度]\",\"time\":1745117007459,\"bought\":false,\"replied\":0,\"bounty\":null}","tid_recent#1365947:#2520837":"s{\"tid\":2520837,\"uid\":2170873,\"fid\":174,\"area\":\"游戏资源\",\"title\":\"[日式RPG/小马拉大车/PC] 不退则逆之坂 とおらずさかのむちかべ AI汉化 [1.2G/飞猫转百度]\",\"time\":1745117005918,\"bought\":false,\"replied\":0,\"bounty\":null}","tid_recent#1365947:#2520846":"s{\"tid\":2520846,\"uid\":2170873,\"fid\":174,\"area\":\"游戏资源\",\"title\":\"[日式RPG/兽X/新作/PC] 黑祇 ~ kurogami ~AI汉化版 [500M/飞猫转百度]\",\"time\":1745117001108,\"bought\":false,\"replied\":0,\"bounty\":null}","tid_recent#1365947:#2520847":"s{\"tid\":2520847,\"uid\":2170873,\"fid\":174,\"area\":\"游戏资源\",\"title\":\"[日式RPG/战斗H/新作/PC] B号监狱：破锁狂徒 B-PRISON UNCHAIN AI汉化 [1.6G/飞猫转百度]\",\"time\":1745116999493,\"bought\":false,\"replied\":0,\"bounty\":null}","tid_recent#1365947:#2520914":"s{\"tid\":2520914,\"uid\":2108709,\"fid\":174,\"area\":\"游戏资源\",\"title\":\"[RPG/被NTR/官中/PC] 爱&婊子 Love&Bitch v1.1 官方中文版 [585M][FM转度盘]\",\"time\":1745117067865,\"bought\":false,\"replied\":0,\"bounty\":null}","tid_recent#1365947:#2524296":"s{\"tid\":2524296,\"uid\":2184639,\"fid\":174,\"area\":\"游戏资源\",\"title\":\"[RPG/AI汉化/PC+安卓] NTR被寝取的学园～花季少女与异界来客～ SIDE正义（NTR寝取られ学園〜花の女子達と異世界からの来訪者〜 SIDE正義）[3.4G/FM/BD]\",\"time\":1745819017588,\"bought\":false,\"replied\":0,\"bounty\":null}","tid_recent#1365947:#2524318":"s{\"tid\":2524318,\"uid\":2184639,\"fid\":174,\"area\":\"游戏资源\",\"title\":\"[RPG/AI汉化/更新/全CG] 魔术学校的落榜炼金术师（魔術学校の落ちこぼれ錬金術師）Ver2.0 [5.1G/FM/BD]\",\"time\":1745818631368,\"bought\":false,\"replied\":0,\"bounty\":null}","tid_recent#1365947:#2527819":"s{\"tid\":2527819,\"uid\":1284085,\"fid\":174,\"area\":\"游戏资源\",\"title\":\"[RPG/汉化] 大小姐与实习管家 黒のお嬢様と見習い執事 1.0 PC+安卓汉化版 [多空/700M/微云直连]\",\"time\":1745818803082,\"bought\":false,\"replied\":0,\"bounty\":null}","tid_recent#1365947:#2528270":"s{\"tid\":2528270,\"uid\":2170873,\"fid\":174,\"area\":\"游戏资源\",\"title\":\"[大型ADV/羞耻凌辱/PC] 湿漉漉的孤岛 濡れる孤岛 精翻汉化版+全CG存档 [13.8G/飞猫转百度]\",\"time\":1745822263294,\"bought\":false,\"replied\":0,\"bounty\":null}","tid_recent#1365947:#2528332":"s{\"tid\":2528332,\"uid\":1397580,\"fid\":174,\"area\":\"游戏资源\",\"title\":\"[RPG/PC/机翻汉化] 淫魔の本でメイドを探して_負けたらたっぷりマゾ調教されちゃうRPG [FM/739M/百度微云]\",\"time\":1745822252682,\"bought\":false,\"replied\":0,\"bounty\":null}","tid_recent#1365947:#2528334":"s{\"tid\":2528334,\"uid\":1397580,\"fid\":174,\"area\":\"游戏资源\",\"title\":\"[RPG/PC/AI汉化] 女怪盗 暗影红 女怪盗 シャドウ・ルージュ [FM/500M/百度微云]\",\"time\":1745818695590,\"bought\":false,\"replied\":0,\"bounty\":null}","tid_recent#1365947:#2528366":"s{\"tid\":2528366,\"uid\":1284085,\"fid\":174,\"area\":\"游戏资源\",\"title\":\"[RPG/汉化] 女忍者朝雾与阳炎诱惑卖淫~打败情色地牢1.0 PC+安卓汉化版 [多空/900M/微云直连]\",\"time\":1745818691406,\"bought\":false,\"replied\":0,\"bounty\":null}","tid_recent#1365947:#2528380":"s{\"tid\":2528380,\"uid\":2108709,\"fid\":174,\"area\":\"游戏资源\",\"title\":\"[SLG/官中/PC] 外送热 Delivery Hot v25.04.25 [3.68G][FM转度盘]\",\"time\":1745817164035,\"bought\":false,\"replied\":0,\"bounty\":null}","tid_recent#1365947:#2528411":"s{\"tid\":2528411,\"uid\":2108709,\"fid\":174,\"area\":\"游戏资源\",\"title\":\"[RPG/机翻/PC] 用淫魔之书寻找女仆_战败就会被彻底虐调教的RPG 淫魔の本でメイドを探して_負けたらたっぷりマゾ調教されちゃうRPG [1.6G][FM转度盘]\",\"time\":1745818679287,\"bought\":false,\"replied\":0,\"bounty\":null}","tid_recent#1365947:#2528460":"s{\"tid\":2528460,\"uid\":2019851,\"fid\":174,\"area\":\"游戏资源\",\"title\":\"[日式RPG/新安卓] 玛娜碎片~最弱炼金术师与最强人造人的物语~  PIECE of MANA ～最弱の錬金術師と最強のホムンクルスの物語～ v1.10 PC+安卓 AI汉化版\",\"time\":1745818671584,\"bought\":false,\"replied\":0,\"bounty\":null}","tid_recent#1365947:#2530147":"s{\"tid\":2530147,\"uid\":2170873,\"fid\":174,\"area\":\"游戏资源\",\"title\":\"[日式RPG/淫乱/PC] 淫らな園シリーズ 系列 三部合集 AI汉化 [300M/飞猫转百度]\",\"time\":1746157815565,\"bought\":false,\"replied\":0,\"bounty\":null}","tid_recent#1365947:#2530172":"s{\"tid\":2530172,\"uid\":2170873,\"fid\":174,\"area\":\"游戏资源\",\"title\":\"[爆款SLG/战斗H/更新/PC] 神采幻商少女～过度畅销的好色商人 ~神彩の乙女 ～売れすぎた彩視る商人～v1.0.5 AI汉化+全CG [3.7G/飞猫转百度]\",\"time\":1746157803936,\"bought\":false,\"replied\":0,\"bounty\":null}","tid_recent#1365947:#2530247":"s{\"tid\":2530247,\"uid\":1284085,\"fid\":174,\"area\":\"游戏资源\",\"title\":\"[SLG/汉化] 客栈-第二季 The Inn Ch.2 v1.01.05 PC+安卓汉化版 [多空/2.9G/微云直连]\",\"time\":1746157793612,\"bought\":false,\"replied\":0,\"bounty\":null}","tid_recent#1365947:#2530534":"s{\"tid\":2530534,\"uid\":1972278,\"fid\":174,\"area\":\"游戏资源\",\"title\":\"[RPG/新作] 精灵少女莉菲雅与梦幻迷宫 エルフ少女リフィアと梦幻の迷宫 AI汉化版[百度/FM/566MB]\",\"time\":1746157745266,\"bought\":false,\"replied\":0,\"bounty\":null}","tid_recent#1365947:#2530556":"s{\"tid\":2530556,\"uid\":1972278,\"fid\":174,\"area\":\"游戏资源\",\"title\":\"[RPG/PC/AI汉化] 虚魂剑拉姆达内罗斯R 虚魂剣ラムダネロスR Ver2.00[百度/FM/4.83GB]\",\"time\":1746157707318,\"bought\":false,\"replied\":0,\"bounty\":null}","tid_recent#1365947:#2530620":"s{\"tid\":2530620,\"uid\":2019851,\"fid\":174,\"area\":\"游戏资源\",\"title\":\"[日式RPG/动态/新作] 被侵犯女仆的除灵方法4 犯されメイドの除霊方法4 AI汉化版+全回想存档 [1.80G/多空转百度微云]\",\"time\":1746157692799,\"bought\":false,\"replied\":0,\"bounty\":null}","tid_recent#1365947:#2530622":"s{\"tid\":2530622,\"uid\":2019851,\"fid\":174,\"area\":\"游戏资源\",\"title\":\"[日式RPG/动态] 继承的是魔王领地! 俺が受け継いだ領地が魔王領だと! V1.14 官方中文版 [1.0G/多空转百度微云]\",\"time\":1746157695043,\"bought\":false,\"replied\":0,\"bounty\":null}","tid_recent#1365947:#2530626":"s{\"tid\":2530626,\"uid\":2019851,\"fid\":174,\"area\":\"游戏资源\",\"title\":\"[日式RPG/动态/更新] 角色创作露出 Re-Public of Baldrheimr [キャラクタークリエイト露出RPG] v1.70 AI汉化版 [2.40G/多空转百度微云]\",\"time\":1746157687605,\"bought\":false,\"replied\":0,\"bounty\":null}","tid_recent#1365947:#2530627":"s{\"tid\":2530627,\"uid\":2019851,\"fid\":174,\"area\":\"游戏资源\",\"title\":\"[亚洲风RPG/动态/新作] 阳光谷的新生活 A New Life in SunnyValley Beta 0.1.12 Cheats 机翻版 [870M/多空转百度微云]\",\"time\":1746157686245,\"bought\":false,\"replied\":0,\"bounty\":null}","tid_recent#1365947:#2530675":"s{\"tid\":2530675,\"uid\":1284085,\"fid\":174,\"area\":\"游戏资源\",\"title\":\"[RPG/汉化] 鲁克斯利亚遗迹~ルクスリア遺跡 汉化版 [NTR别人] [多空/500M/微云直连]\",\"time\":1746157664227,\"bought\":false,\"replied\":0,\"bounty\":null}","tid_recent#1365947:#2530746":"s{\"tid\":2530746,\"uid\":2019851,\"fid\":174,\"area\":\"游戏资源\",\"title\":\"[日式RPG/无码] 源初之心 V1.01 PC+安卓 STEAM官方中文作弊版 [1.30G/多空转百度微云]\",\"time\":1746157644081,\"bought\":false,\"replied\":0,\"bounty\":null}","tid_recent#1365947:#2530864":"s{\"tid\":2530864,\"uid\":1284085,\"fid\":174,\"area\":\"游戏资源\",\"title\":\"[RPG/汉化] 异世界丝袜大叔 異世界パンストおじさん Ver1.03 云翻汉化版 [多空/2.4G/微云直连]\",\"time\":1746157625756,\"bought\":false,\"replied\":0,\"bounty\":null}","tid_recent#1365947:#2530916":"s{\"tid\":2530916,\"uid\":853550,\"fid\":174,\"area\":\"游戏资源\",\"title\":\"[RPG/官中/PC+安卓] 侵染.命运轮回.双子篇. v2.00 官方中文 [3G/FM/WY]\",\"time\":1746157580226,\"bought\":false,\"replied\":0,\"bounty\":null}","tid_recent#1365947:#2531105":"s{\"tid\":2531105,\"uid\":2170873,\"fid\":174,\"area\":\"游戏资源\",\"title\":\"[日式RPG/异种X] 驱魔工作 退魔のおしごと～妖魔退治のはずが流れえっちに変貌～PC+安卓 AI汉化 [900M/飞猫转百度]\",\"time\":1746157569915,\"bought\":false,\"replied\":0,\"bounty\":null}","tid_recent#1365947:#2531203":"s{\"tid\":2531203,\"uid\":1284085,\"fid\":174,\"area\":\"游戏资源\",\"title\":\"[RPG/中文] 莉丝与试炼之城 リーゼと試練の街1.64 PC+安卓汉化版 [多空/2.3G/微云直连]\",\"time\":1746157508253,\"bought\":false,\"replied\":0,\"bounty\":null}","tid_recent#1365947:#2531480":"s{\"tid\":2531480,\"uid\":2019851,\"fid\":174,\"area\":\"游戏资源\",\"title\":\"[日式RPG/新汉化] 对任意女孩恶作剧  性欲!尿意!CTRLアプリ!!MORE!!!～クラスの女子全員..～ ver1.01 PC+安卓 内嵌AI汉化版+礼包码 [4.40G/多空转百度微云]\",\"time\":1746157411225,\"bought\":false,\"replied\":0,\"bounty\":null}","tid_recent#1365947:#2531484":"s{\"tid\":2531484,\"uid\":2019851,\"fid\":174,\"area\":\"游戏资源\",\"title\":\"[日式RPG/新安卓] 青户美术馆 青戸美術館 Ver1.02 PC+安卓 官中版 [850M/多空转百度微云]\",\"time\":1746157404728,\"bought\":false,\"replied\":0,\"bounty\":null}","tid_recent#1365947:#2531488":"s{\"tid\":2531488,\"uid\":2019851,\"fid\":174,\"area\":\"游戏资源\",\"title\":\"[日式RPG/更新] 用淫魔之书寻找女仆 战败就会被彻底虐调教的RPG 淫魔の本でメイドを探して_負けたらたっぷりマゾ調教.. v1.1 PC+安卓 AI汉化版+作弊码 [1.70G/多空转百度微云]\",\"time\":1746157400362,\"bought\":false,\"replied\":0,\"bounty\":null}","tid_recent#1365947:#2531494":"s{\"tid\":2531494,\"uid\":2019851,\"fid\":174,\"area\":\"游戏资源\",\"title\":\"[日式RPG/动态/新汉化] 巴尔德海姆共和国 Re-Public of Baldrheimr [キャラクタークリエイト露出RPG] v1.70 内嵌AI汉化版+作弊码 [2.0G/多空转百度微云]\",\"time\":1746157397004,\"bought\":false,\"replied\":0,\"bounty\":null}","tid_recent#1365947:#2531874":"s{\"tid\":2531874,\"uid\":1732957,\"fid\":174,\"area\":\"游戏资源\",\"title\":\"[RPG/汉化]女怪盗 暗影红 挂载AI汉化版 [新作] [FM/1.3G/百度]\",\"time\":1746157339320,\"bought\":false,\"replied\":0,\"bounty\":null}","tid_recent#1365947:#2531965":"s{\"tid\":2531965,\"uid\":853550,\"fid\":174,\"area\":\"游戏资源\",\"title\":\"[RPG/汉化/NTR/双端] 新婚双剑士与欲之诅咒/LASCIVIOUS ～新婚双剣士と色欲の呪淫～ AI汉化 [2G/FM/WY]\",\"time\":1746157268857,\"bought\":false,\"replied\":0,\"bounty\":null}","tid_recent#1365947:#2531983":"s{\"tid\":2531983,\"uid\":1284085,\"fid\":174,\"area\":\"游戏资源\",\"title\":\"[中文RPG] 被引导勇者们 CRYSTALFANTASY汉化版+全CG存档 [多空/2.3G/微云直连]\",\"time\":1746157264827,\"bought\":false,\"replied\":0,\"bounty\":null}","tid_recent#1365947:#2532065":"s{\"tid\":2532065,\"uid\":2108709,\"fid\":174,\"area\":\"游戏资源\",\"title\":\"[SLG/汉化/双端] 异世界天堂 v0.5 Isekai Paradise 中文汉化版 [5.73G][FM转度盘]\",\"time\":1746157241291,\"bought\":false,\"replied\":0,\"bounty\":null}","tid_recent#1365947:#2532070":"s{\"tid\":2532070,\"uid\":2108709,\"fid\":174,\"area\":\"游戏资源\",\"title\":\"[RPG/机翻/PC] 笨蛋！！バッカス!! v1.6 [1.26G][FM转度盘]\",\"time\":1746157234310,\"bought\":false,\"replied\":0,\"bounty\":null}","tid_recent#1365947:#2532078":"s{\"tid\":2532078,\"uid\":2108709,\"fid\":174,\"area\":\"游戏资源\",\"title\":\"[RPG/AI汉化/PC] 性欲!尿意!CTRL操控APP!! 无限加强版!!～v1.0.1 性欲!尿意!CTRLアプリ!!MORE!!!～クラスの女子全員に [2.94G][FM转度盘]\",\"time\":1746157230262,\"bought\":false,\"replied\":0,\"bounty\":null}","tid_recent#1365947:#2532084":"s{\"tid\":2532084,\"uid\":2108709,\"fid\":174,\"area\":\"游戏资源\",\"title\":\"[SLG/官中/PC] 极限快感耐力对决，现在开幕——？Maso VS Sado~ドM調教バトル~！[1.52G][FM转度盘]\",\"time\":1746157226316,\"bought\":false,\"replied\":0,\"bounty\":null}","tid_recent#1365947:#2532105":"s{\"tid\":2532105,\"uid\":522610,\"fid\":174,\"area\":\"游戏资源\",\"title\":\"[2025年5月1日新作/超精美CG新作/RPG]FalseMyth1+2合集 新作+前作 官中硬盘版[多空百度解压2.1G]\",\"time\":1746157226171,\"bought\":false,\"replied\":0,\"bounty\":null}","tid_recent#1365947:#2532109":"s{\"tid\":2532109,\"uid\":1284085,\"fid\":174,\"area\":\"游戏资源\",\"title\":\"[RPG/汉化] 隔壁的水无月同学～公寓入侵与秘密拍摄1.0 PC+安卓汉化版 [多空/700M/微云直连]\",\"time\":1746157222187,\"bought\":false,\"replied\":0,\"bounty\":null}","tid_recent#1365947:#2532111":"s{\"tid\":2532111,\"uid\":1284085,\"fid\":174,\"area\":\"游戏资源\",\"title\":\"[RPG/汉化] 女祭司淫乱的仪式1.0 PC+安卓汉化版 [多空/800M/微云直连]\",\"time\":1746157219920,\"bought\":false,\"replied\":0,\"bounty\":null}","tid_recent#1365947:#2532121":"s{\"tid\":2532121,\"uid\":1284085,\"fid\":174,\"area\":\"游戏资源\",\"title\":\"[SLG/汉化] 海贼王：伟大航路的激情 Passion on the Grand Line v0.1.1 PC+安卓AI汉化版 [多空/1G/微云直连]\",\"time\":1746157214751,\"bought\":false,\"replied\":0,\"bounty\":null}","tid_recent#1365947:#2539652":"s{\"tid\":2539652,\"uid\":853550,\"fid\":174,\"area\":\"游戏资源\",\"title\":\"[HTML/汉化/NTR] 对魔忍Taimanin RPGX Ver2025.05 全绅士整合 单机离线版 浏览器汉化 [22.7G/FM/WY]\",\"time\":1746943811085,\"bought\":false,\"replied\":0,\"bounty\":null}","tid_recent#1365947:#2539943":"s{\"tid\":2539943,\"uid\":2108709,\"fid\":174,\"area\":\"游戏资源\",\"title\":\"[RPG/官中/PC] 咖啡厅夫妻的愉快抗病生活 A Café Couple's Joyful Life of Resistance [875M][FM转度盘]\",\"time\":1746943785748,\"bought\":false,\"replied\":0,\"bounty\":null}","tid_recent#1365947:#2539959":"s{\"tid\":2539959,\"uid\":1397580,\"fid\":174,\"area\":\"游戏资源\",\"title\":\"[RPG/PC+安卓/AI汉化] 星天之魔女 星天の魔女 ver1.11 [FM/2G/百度微云]\",\"time\":1746943744748,\"bought\":false,\"replied\":0,\"bounty\":null}","tid_recent#1365947:#2539990":"s{\"tid\":2539990,\"uid\":2019851,\"fid\":174,\"area\":\"游戏资源\",\"title\":\"[日式RPG/NTR] NTR冒险者莉埃娜～被瞄准的她和小小的他～ NTR冒険者リエナ～狙われ彼女と小さな彼～ V1.02 内置AI汉化版 [700M/多空转百度微云]\",\"time\":1746943739020,\"bought\":false,\"replied\":0,\"bounty\":null}","tid_recent#1365947:#2539992":"s{\"tid\":2539992,\"uid\":2019851,\"fid\":174,\"area\":\"游戏资源\",\"title\":\"[日式RPG/新作] 强者限定性爱合法都市～聚集于深渊的女人们～ 強者限定セックス公認都市～奈落に集う女たち～ AI汉化版+自带全回想解放 [1.0G/多空转百度微云]\",\"time\":1746943739979,\"bought\":false,\"replied\":0,\"bounty\":null}","tid_recent#1365947:#2539994":"s{\"tid\":2539994,\"uid\":2019851,\"fid\":174,\"area\":\"游戏资源\",\"title\":\"[日式RPG/NTR] 被寝取的女骑士蕾蒂与远景魔法 寝取られ女騎士レティと遠映の魔法 AI汉化版 [1.20G/多空转百度微云]\",\"time\":1746943734935,\"bought\":false,\"replied\":0,\"bounty\":null}","tid_recent#1365947:#2540055":"s{\"tid\":2540055,\"uid\":805056,\"fid\":174,\"area\":\"游戏资源\",\"title\":\"[RPG/汉化]三角魔导书 挂载AI汉化版[新汉化][FM/1.6G/百度]\",\"time\":1746943727802,\"bought\":false,\"replied\":0,\"bounty\":null}","tid_recent#1365947:#2540059":"s{\"tid\":2540059,\"uid\":805056,\"fid\":174,\"area\":\"游戏资源\",\"title\":\"[RPG/汉化]强者限定性爱合法都市～聚集在深渊的女人们 挂载AI汉化版+存档[新汉化][FM/1G/百度]\",\"time\":1746943725231,\"bought\":false,\"replied\":0,\"bounty\":null}","tid_recent#1365947:#2540091":"s{\"tid\":2540091,\"uid\":522610,\"fid\":174,\"area\":\"游戏资源\",\"title\":\"[2025年5月10日大更新][动态大作][SSR+级神作603弹+2][PC+安卓]H宝可梦 3.08+DLC1 ヤリステメスブタ+DLC2官方中文硬盘版 [多空百度解压4G]\",\"time\":1746943723658,\"bought\":false,\"replied\":0,\"bounty\":null}","tid_recent#1365947:#2540123":"s{\"tid\":2540123,\"uid\":965784,\"fid\":174,\"area\":\"游戏资源\",\"title\":\"[RPG/AI汉化/PC+安卓] 利特泽纳女王国 The Queendom of Lithzena v41b AI汉化步兵版 [6.1G/更新/转百度/转微云]\",\"time\":1746943710288,\"bought\":false,\"replied\":0,\"bounty\":null}","tid_recent#1365947:#2540341":"s{\"tid\":2540341,\"uid\":1284085,\"fid\":174,\"area\":\"游戏资源\",\"title\":\"[RPG/汉化] 骨头的故事：庄园 v0.20a 挂载AI汉化最终版+画廊Mod [多空/1.3G/微云直连]\",\"time\":1746943624479,\"bought\":false,\"replied\":0,\"bounty\":null}","tid_recent#1365947:#2540371":"s{\"tid\":2540371,\"uid\":1732957,\"fid\":174,\"area\":\"游戏资源\",\"title\":\"[RPG/汉化]归者又怎样？... 曾是哥布林的我重返现代世界 挂载AI汉化版 [新汉化] [FM/1G/百度]\",\"time\":1746943620017,\"bought\":false,\"replied\":0,\"bounty\":null}","tid_recent#1365947:#2540400":"s{\"tid\":2540400,\"uid\":2019851,\"fid\":174,\"area\":\"游戏资源\",\"title\":\"[日式RPG/更新] 星天之魔女 星天の魔女 Ver1.01 PC+安卓 AI汉化版 [4.80G/多空转百度微云]\",\"time\":1746943558524,\"bought\":false,\"replied\":0,\"bounty\":null}","tid_recent#1365947:#2540406":"s{\"tid\":2540406,\"uid\":1972278,\"fid\":174,\"area\":\"游戏资源\",\"title\":\"【探索RPG/露出羞耻/汉化】喜欢露出的高中妹子（真夜中の露出女子校生2）v1.0 汉化中文[百度/FM/721MB]\",\"time\":1746943560657,\"bought\":false,\"replied\":0,\"bounty\":null}","tid_recent#1365947:#2540445":"s{\"tid\":2540445,\"uid\":2108709,\"fid\":174,\"area\":\"游戏资源\",\"title\":\"[RPG/机翻/PC] 对冲皇家骑士的风险 王宮騎士のリスクヘッジ+全CG存档 [378M][FM转度盘]\",\"time\":1746943538724,\"bought\":false,\"replied\":0,\"bounty\":null}","tid_recent#1365947:#2540452":"s{\"tid\":2540452,\"uid\":2108709,\"fid\":174,\"area\":\"游戏资源\",\"title\":\"[RPG/精翻/安卓] 在训练营提供服务 V1.0.6 強化合宿の供物当番〜ドラフト会議で、凌O被害者が決まる〜 [1.44G][FM转度盘]\",\"time\":1746943535742,\"bought\":false,\"replied\":0,\"bounty\":null}","tid_recent#1365947:#2540533":"s{\"tid\":2540533,\"uid\":2019851,\"fid\":174,\"area\":\"游戏资源\",\"title\":\"[日式RPG/爆乳] 小洛基与世界树迷宫 さなロキとユグドラシルの迷宮 V1.2 PC+安卓 官方中文版 [2.90G/多空转百度微云]\",\"time\":1746943485779,\"bought\":false,\"replied\":0,\"bounty\":null}","tid_recent#1365947:#2540536":"s{\"tid\":2540536,\"uid\":1088854,\"fid\":174,\"area\":\"游戏资源\",\"title\":\"[RPG/NTR/官方中文] 咖啡厅夫妻的愉快抗病生活UC Ver0508官方中文(カーヴァさんちの楽しい闘病生活UC)[875 MB][FM直连/转度盘]\",\"time\":1746943484676,\"bought\":false,\"replied\":0,\"bounty\":null}","tid_recent#1365947:#2540644":"s{\"tid\":2540644,\"uid\":853550,\"fid\":174,\"area\":\"游戏资源\",\"title\":\"[RPG/汉化/动态] 转生勇者传说/転生ブレイブ V1.0.9.7.0 AI汉化 [5.8/FM/WY]\",\"time\":1746943454499,\"bought\":false,\"replied\":0,\"bounty\":null}","tid_recent#1365947:#2540658":"s{\"tid\":2540658,\"uid\":853550,\"fid\":174,\"area\":\"游戏资源\",\"title\":\"[RPG/汉化/动态] 蛇之交响曲/Symphony of the Serpent Ver29051 AI汉化 [3.2G/FM/WY]\",\"time\":1746943456370,\"bought\":false,\"replied\":0,\"bounty\":null}","tid_recent#1365947:#2540682":"s{\"tid\":2540682,\"uid\":853550,\"fid\":174,\"area\":\"游戏资源\",\"title\":\"[SLG/汉化/动态] 街头斗士：成人游乐场战斗/Street Brawler: Adult Playground Battle 7.3 AI汉化 [608M/FM/WY]\",\"time\":1746943451788,\"bought\":false,\"replied\":0,\"bounty\":null}","tid_recent#1365947:#2540738":"s{\"tid\":2540738,\"uid\":1284085,\"fid\":174,\"area\":\"游戏资源\",\"title\":\"[RPG/汉化] 关于变态转世投胎的这件事1.0 PC+安卓汉化版 [多空/1.3G/微云直连]\",\"time\":1746943415582,\"bought\":false,\"replied\":0,\"bounty\":null}","tid_recent#1365947:#2540948":"s{\"tid\":2540948,\"uid\":2019851,\"fid\":174,\"area\":\"游戏资源\",\"title\":\"[日式RPG/新作] 拥有“美少女变化”技能的我被关在家里RPG的话，会被严重侵犯的。 スキル「美少女変化」持ちの俺がフルダイブRPGに閉... AI汉化版 [930M/多空转百度微云]\",\"time\":1746943391269,\"bought\":false,\"replied\":0,\"bounty\":null}","tid_recent#1365947:#2540983":"s{\"tid\":2540983,\"uid\":805056,\"fid\":174,\"area\":\"游戏资源\",\"title\":\"[大型RPG/中文/步兵]昏暗之声~Noise V0.8 官方中文完整版 [更新/NTR][FM/3.2G/百度]\",\"time\":1746943386895,\"bought\":false,\"replied\":0,\"bounty\":null}","tid_recent#1365947:recent":"s2539652:3113081849 2539943:3113056512 2539959:3113015512 2539992:3113010744 2539990:3113009784 2539994:3113005699 2540055:3112998567 2540059:3112995995 2540091:3112994422 2540123:3112981052 2540341:3112895243 2540371:3112890782 2540406:3112831421 2540400:3112829288 2540445:3112809488 2540452:3112806507 2540533:3112756543 2540658:3112727135 2540644:3112725263 2540738:3112686346 2540948:3112662033 2540983:3112657659 2530147:2327086329 2530172:2327074700 2530247:2327064376 2530534:2327016030 2530556:2326978083 2530622:2326965807 2530620:2326963563 2530626:2326958369 2530627:2326957010 2530675:2326934992 2530746:2326914845 2530864:2326896520 2530916:2326850990 2531105:2326840679 2531203:2326779018 2531480:2326681989 2531484:2326675492 2531488:2326671126 2531494:2326667769 2531874:2326610084 2531965:2326539621 2531983:2326535591 2532065:2326512056 2532070:2326505075 2532078:2326501027 2532084:2326497080 2532105:2326496935 2532109:2326492951 2532111:2326490684 2532121:2326485515 2528270:1991534058 2528332:1991523446 2481501:1989851958 2392368:1989590430 2392467:1989589901 2393147:1989589218 2393532:1989565779 2399389:1989512057 2517781:1989414578 2524296:1988288352 2527819:1988073846 2528334:1987966354 2528366:1987962171 2528411:1987950051 2528460:1987942348 2520384:1987905367 2524318:1987902132 2528380:1986434800 2500824:1289065975 2518472:1289025806 2519184:1288978090 2519212:1288974973 2519218:1288971730 2519461:1288934823 2519462:1288931969 2519465:1288928000 2519763:1288903863 2520165:1288855740 2520171:1288850209 2520273:1288836781 2520914:1286338629 2520355:1286326242 2520359:1286322609 2520360:1286319108 2520814:1286281913 2520821:1286278223 2520837:1286276683 2520846:1286271873 2426470:984286008 2517917:984284111 2289586:887840433 2471723:887839305 2508454:702481206 2513436:702475987 2514428:702464728 2514822:702369270 2514847:702366225 2514862:702360212 2514867:702355832 2514860:702353550 2514892:702321054 2475568:697780882 2481553:697100082 2480754:697099509 2480396:697099069 2479816:697097230 2480262:697097131 2513441:685093910 2513446:685090889 2513454:684876433 2514519:684826713 2511648:684261493 2511708:684213837 2511710:684212183 2511738:684208005 2511748:684202151 2511913:684165775 2511996:684147051 2512156:684113702 2512157:684112356 2512195:684106401 2512196:684106073 2512671:684061707 2512672:684057017 2512835:684021673 2513004:684011359 2513012:683972240 2513034:683966415 2513042:683961326 2513201:683949279 2513215:683947928 2513265:683928204 2513359:683923132 2513551:683886991 2513654:683872072 2513834:683819026 2514009:683810201 2514015:683809006 2514042:683639009 2514044:683633871 2514187:683621554 2514204:683613954 2514357:683588379 2514434:683583251 2514436:683578788 2514442:683576497 2514446:683563906 2514465:683507295 2514469:683502994 2514510:683497094 2514516:683490200 2490183:683422002 2343058:2514700 2356953:2514284 2483314:2507955 2486807:2317357 2502131:2279119 2506124:2276275 2506120:2275757 2505381:2275285 2501263:2219256 2507033:2139605 2506466:2137759 2503999:2132661 2506387:2129799 2506886:2124017 2498678:2017228 2493272:2010856 2507063:2010198 2486888:2000694 2506928:2000079 2506509:1999548 2461331:311883 2178539:264245 2486134 0:1743830729236","tid_visit_history#1365947:#2178":"s539:16","tid_visit_history#1365947:#2289":"s586:2","tid_visit_history#1365947:#2343":"s58:5","tid_visit_history#1365947:#2356":"s953:15","tid_visit_history#1365947:#2392":"s467:1 368","tid_visit_history#1365947:#2393":"s532:3 147:1","tid_visit_history#1365947:#2399":"s389:1","tid_visit_history#1365947:#2426":"s470:6","tid_visit_history#1365947:#2461":"s331:2","tid_visit_history#1365947:#2471":"s723:9","tid_visit_history#1365947:#2475":"s568:1","tid_visit_history#1365947:#2477":"s284:2","tid_visit_history#1365947:#2479":"s816","tid_visit_history#1365947:#2480":"s262:1 396:1 754:1","tid_visit_history#1365947:#2481":"s553:2 501:2","tid_visit_history#1365947:#2483":"s314:29","tid_visit_history#1365947:#2486":"s134:29 888:11 807:13","tid_visit_history#1365947:#2490":"s183:2","tid_visit_history#1365947:#2493":"s272:6","tid_visit_history#1365947:#2498":"s678:6","tid_visit_history#1365947:#2500":"s824","tid_visit_history#1365947:#2501":"s263:12","tid_visit_history#1365947:#2502":"s131:4","tid_visit_history#1365947:#2503":"s999:29","tid_visit_history#1365947:#2505":"s381:3","tid_visit_history#1365947:#2506":"s509:7 928:3 886:4 387:23 466:13 120:3 124:6","tid_visit_history#1365947:#2507":"s63:2 33:2","tid_visit_history#1365947:#2508":"s454:2","tid_visit_history#1365947:#2511":"s996:1 913 748:1 738 710 708 648","tid_visit_history#1365947:#2512":"s835 672 671:1 196:2 195:2 157:3 156","tid_visit_history#1365947:#2513":"s834 654 551 359 265:2 215:1 201:1 42 34 12 4:2 454 446 441 436","tid_visit_history#1365947:#2514":"s516 510 469 465 446 442:1 436 434 357 204 187 44 42 15:1 9:1 519 892 860:1 867 862 847 822 428:1","tid_visit_history#1365947:#2517":"s917 781:1","tid_visit_history#1365947:#2518":"s472:1","tid_visit_history#1365947:#2519":"s763 465 462:2 461 218 212:2 184","tid_visit_history#1365947:#2520":"s846 837 821 814 360 359 355 914:1 273 171:1 165 384:3","tid_visit_history#1365947:#2524":"s318 296","tid_visit_history#1365947:#2527":"s819:1","tid_visit_history#1365947:#2528":"s380 460 411 366 334 332 270:3","tid_visit_history#1365947:#2530":"s916:1 864:1 746 675:1 627 626 620 622:3 556 534 247 172:1 147","tid_visit_history#1365947:#2531":"s983 965 874 494 488:1 484 480:1 203 105","tid_visit_history#1365947:#2532":"s121 111 109 105 84 78 70 65","tid_visit_history#1365947:#2539":"s994:1 990:1 992 959:1 943 652:10","tid_visit_history#1365947:#2540":"s983:1 948 738 644:2 658 533:2 452:2 445:1 400 406:1 371 341:3 123 91:1 59:1 55","tid_visit_history#1365947:index":"s2486:3 2178:1 2461:1 2506:7 2507:2 2493:1 2498:1 2503:1 2501:1 2505:1 2502:1 2483:1 2356:1 2343:1 2490:1 2514:23 2513:15 2512:7 2511:7 2480:3 2479:1 2481:2 2475:1 2508:1 2471:1 2289:1 2517:2 2426:1 2520:12 2519:7 2518:1 2500:1 2528:7 2524:2 2527:1 2399:1 2393:2 2392:2 2532:8 2531:9 2530:13 2540:16 2539:6","uhash_uid_mapping:#1008772":"s681:1631963","uhash_uid_mapping:#1034026":"s22:426206","uhash_uid_mapping:#1048029":"s220:1964737","uhash_uid_mapping:#1052278":"s452:1623858","uhash_uid_mapping:#1073365":"s317:1397580","uhash_uid_mapping:#1082641":"s669:616440","uhash_uid_mapping:#1104906":"s504:2040460","uhash_uid_mapping:#1122518":"s37:1919296","uhash_uid_mapping:#115092":"s749:1328155","uhash_uid_mapping:#1157048":"s331:1984268","uhash_uid_mapping:#122576":"s508:691758","uhash_uid_mapping:#1232716":"s767:1732957","uhash_uid_mapping:#1241641":"s288:751957","uhash_uid_mapping:#1284130":"s432:1986383","uhash_uid_mapping:#1310625":"s493:772029","uhash_uid_mapping:#1331451":"s988:723387","uhash_uid_mapping:#1335511":"s120:120689","uhash_uid_mapping:#1340412":"s924:1451497","uhash_uid_mapping:#1346838":"s825:1374324","uhash_uid_mapping:#1414216":"s343:1920029","uhash_uid_mapping:#1414553":"s220:2019851","uhash_uid_mapping:#1435520":"s241:736006","uhash_uid_mapping:#1439161":"s6:1500507","uhash_uid_mapping:#1441221":"s880:1713579","uhash_uid_mapping:#1443774":"s352:747345","uhash_uid_mapping:#1445752":"s844:594318","uhash_uid_mapping:#1480059":"s972:1042673","uhash_uid_mapping:#1505132":"s601:181872","uhash_uid_mapping:#1507421":"s735:2052542","uhash_uid_mapping:#151128":"s658:1165405","uhash_uid_mapping:#1579379":"s562:30604","uhash_uid_mapping:#1599423":"s349:963245","uhash_uid_mapping:#1612963":"s747:326103","uhash_uid_mapping:#1621402":"s128:1671095","uhash_uid_mapping:#1635384":"s704:1198694","uhash_uid_mapping:#1669896":"s556:1770148","uhash_uid_mapping:#1684046":"s791:302975","uhash_uid_mapping:#1714723":"s596:1730165","uhash_uid_mapping:#1719110":"s726:1896259","uhash_uid_mapping:#1727492":"s608:1550323","uhash_uid_mapping:#1727896":"s67:1530534","uhash_uid_mapping:#1742533":"s643:1674902","uhash_uid_mapping:#1743793":"s725:515745","uhash_uid_mapping:#1759970":"s314:1273776","uhash_uid_mapping:#1767469":"s382:1805070","uhash_uid_mapping:#1779298":"s580:853550","uhash_uid_mapping:#1793965":"s271:1801660","uhash_uid_mapping:#1852678":"s865:1163195","uhash_uid_mapping:#1858537":"s741:54690","uhash_uid_mapping:#1870515":"s89:1613979","uhash_uid_mapping:#189362":"s256:1163045","uhash_uid_mapping:#1894310":"s550:1422061","uhash_uid_mapping:#1914518":"s581:1852070","uhash_uid_mapping:#1925197":"s808:1256343","uhash_uid_mapping:#1943164":"s927:1420163","uhash_uid_mapping:#1973050":"s179:895299","uhash_uid_mapping:#1973422":"s133:669974","uhash_uid_mapping:#1984817":"s107:2054589","uhash_uid_mapping:#1987336":"s731:1397029","uhash_uid_mapping:#2029788":"s938:1973811","uhash_uid_mapping:#2040302":"s656:832773","uhash_uid_mapping:#2053692":"s511:1076871","uhash_uid_mapping:#2079010":"s985:1017664","uhash_uid_mapping:#2083658":"s150:1477726","uhash_uid_mapping:#208624":"s932:2149967","uhash_uid_mapping:#2107730":"s591:1089125","uhash_uid_mapping:#2118233":"s763:1533373","uhash_uid_mapping:#2136623":"s920:895610","uhash_uid_mapping:#2185067":"s153:1010501","uhash_uid_mapping:#2200521":"s203:258785","uhash_uid_mapping:#220100":"s160:236169","uhash_uid_mapping:#2218916":"s98:1546044","uhash_uid_mapping:#2227653":"s675:123025","uhash_uid_mapping:#2269128":"s259:881335","uhash_uid_mapping:#2318006":"s516:1849349","uhash_uid_mapping:#2326187":"s838:1948648","uhash_uid_mapping:#2385192":"s13:2324537","uhash_uid_mapping:#239037":"s248:2166707","uhash_uid_mapping:#2406880":"s8:54102","uhash_uid_mapping:#2463618":"s679:2270307","uhash_uid_mapping:#2482684":"s742:2130200","uhash_uid_mapping:#2490048":"s823:818940","uhash_uid_mapping:#2508251":"s891:2259382","uhash_uid_mapping:#2528996":"s219:1760914","uhash_uid_mapping:#2536658":"s666:1443265","uhash_uid_mapping:#2628632":"s303:1716506","uhash_uid_mapping:#2641351":"s757:1245008","uhash_uid_mapping:#265514":"s67:1081246","uhash_uid_mapping:#2696841":"s347:1340565","uhash_uid_mapping:#2730108":"s187:1972278","uhash_uid_mapping:#2738524":"s218:2184639","uhash_uid_mapping:#2778618":"s978:1633874","uhash_uid_mapping:#2794115":"s760:839645","uhash_uid_mapping:#2808241":"s829:1532316","uhash_uid_mapping:#2808977":"s454:586965","uhash_uid_mapping:#2810795":"s171:988366","uhash_uid_mapping:#2832975":"s944:1495680","uhash_uid_mapping:#2835561":"s228:1014578","uhash_uid_mapping:#2837569":"s362:1363886","uhash_uid_mapping:#2838757":"s236:1192220","uhash_uid_mapping:#2846692":"s422:1383702","uhash_uid_mapping:#284918":"s231:2033855","uhash_uid_mapping:#2858487":"s517:948274","uhash_uid_mapping:#2869977":"s681:377150","uhash_uid_mapping:#2943767":"s393:201866","uhash_uid_mapping:#2954457":"s934:1470624","uhash_uid_mapping:#2962256":"s485:1812847","uhash_uid_mapping:#2973654":"s854:499938","uhash_uid_mapping:#3023605":"s273:491265","uhash_uid_mapping:#3024155":"s518:1532663","uhash_uid_mapping:#3028947":"s865:2239786","uhash_uid_mapping:#3070380":"s505:669602","uhash_uid_mapping:#3106235":"s498:125751","uhash_uid_mapping:#3107734":"s561:298234","uhash_uid_mapping:#3115700":"s141:1493013","uhash_uid_mapping:#3119067":"s602:1333610","uhash_uid_mapping:#3119624":"s427:972384","uhash_uid_mapping:#3128007":"s928:1202675","uhash_uid_mapping:#3199120":"s742:1731519","uhash_uid_mapping:#3267465":"s737:982644","uhash_uid_mapping:#3283701":"s63:813275","uhash_uid_mapping:#328386":"s721:2032920","uhash_uid_mapping:#328845":"s79:2148261","uhash_uid_mapping:#3291708":"s975:1738939","uhash_uid_mapping:#3294172":"s358:1319176","uhash_uid_mapping:#3295214":"s425:109466","uhash_uid_mapping:#3316981":"s580:1088854","uhash_uid_mapping:#3321730":"s33:2223349","uhash_uid_mapping:#3356007":"s321:641831","uhash_uid_mapping:#336561":"s649:1956729","uhash_uid_mapping:#3375139":"s408:743452","uhash_uid_mapping:#3421537":"s270:1754011","uhash_uid_mapping:#3425620":"s488:799854","uhash_uid_mapping:#343124":"s607:1440923","uhash_uid_mapping:#3469452":"s843:933460","uhash_uid_mapping:#3479041":"s383:1331297","uhash_uid_mapping:#3509890":"s713:1284085","uhash_uid_mapping:#3518222":"s712:1764998","uhash_uid_mapping:#3543375":"s768:348133","uhash_uid_mapping:#354467":"s112:1461698","uhash_uid_mapping:#3603889":"s143:1200920","uhash_uid_mapping:#3608492":"s328:1831558","uhash_uid_mapping:#3617228":"s59:1798063","uhash_uid_mapping:#3641065":"s639:2170873","uhash_uid_mapping:#3675291":"s64:687202","uhash_uid_mapping:#3695678":"s174:1535486","uhash_uid_mapping:#3700729":"s960:1136411","uhash_uid_mapping:#3706145":"s115:122829","uhash_uid_mapping:#3722477":"s165:385443","uhash_uid_mapping:#3731017":"s237:155214","uhash_uid_mapping:#3745605":"s232:1470948","uhash_uid_mapping:#3780466":"s209:1233896","uhash_uid_mapping:#3789305":"s358:1043661","uhash_uid_mapping:#381795":"s332:1015054","uhash_uid_mapping:#3839642":"s541:1176625","uhash_uid_mapping:#3840976":"s739:1509055","uhash_uid_mapping:#3849060":"s577:1120195","uhash_uid_mapping:#3884684":"s254:2305441","uhash_uid_mapping:#390254":"s834:2238768","uhash_uid_mapping:#3914284":"s236:1265889","uhash_uid_mapping:#3943474":"s388:2162605","uhash_uid_mapping:#3953020":"s904:1114951","uhash_uid_mapping:#3992285":"s283:374336","uhash_uid_mapping:#4017230":"s554:1962017","uhash_uid_mapping:#4037328":"s626:1969767","uhash_uid_mapping:#4103196":"s740:2303186","uhash_uid_mapping:#4119899":"s497:1786652","uhash_uid_mapping:#4145925":"s220:1975155","uhash_uid_mapping:#4165439":"s775:2141461","uhash_uid_mapping:#4165988":"s469:906266","uhash_uid_mapping:#4179658":"s103:104777","uhash_uid_mapping:#4180197":"s709:305899","uhash_uid_mapping:#4183992":"s723:522610","uhash_uid_mapping:#4203810":"s168:1509313","uhash_uid_mapping:#4210352":"s933:1186283","uhash_uid_mapping:#4227939":"s51:1358446","uhash_uid_mapping:#425124":"s636:1388903","uhash_uid_mapping:#42620":"s148:1702615","uhash_uid_mapping:#4270843":"s530:1059671","uhash_uid_mapping:#4271690":"s135:233728","uhash_uid_mapping:#4292194":"s254:1501111","uhash_uid_mapping:#438205":"s244:1338117","uhash_uid_mapping:#441543":"s597:2072434","uhash_uid_mapping:#461948":"s622:236215","uhash_uid_mapping:#498476":"s688:1992171","uhash_uid_mapping:#508754":"s789:1407139","uhash_uid_mapping:#530235":"s836:327795","uhash_uid_mapping:#536381":"s214:1726266","uhash_uid_mapping:#53720":"s112:1118878","uhash_uid_mapping:#565764":"s463:2160980","uhash_uid_mapping:#588759":"s314:2271289","uhash_uid_mapping:#590607":"s749:1227406","uhash_uid_mapping:#656027":"s522:805056","uhash_uid_mapping:#656397":"s500:839713","uhash_uid_mapping:#667235":"s603:1087532","uhash_uid_mapping:#667482":"s300:2042034","uhash_uid_mapping:#67945":"s161:1531342","uhash_uid_mapping:#682262":"s636:294371","uhash_uid_mapping:#708497":"s740:2021115","uhash_uid_mapping:#710541":"s458:1742660","uhash_uid_mapping:#77612":"s737:1615110","uhash_uid_mapping:#815479":"s959:1629339","uhash_uid_mapping:#835184":"s707:1797689","uhash_uid_mapping:#837091":"s465:2173260","uhash_uid_mapping:#856220":"s232:1379739","uhash_uid_mapping:#863495":"s263:818660","uhash_uid_mapping:#873202":"s253:1637547","uhash_uid_mapping:#882186":"s844:965784","uhash_uid_mapping:#947013":"s910:1316541","uhash_uid_mapping:#961467":"s797:2108709","uhash_uid_mapping:#977185":"s146:71295","uhash_uid_mapping:#979271":"s363:1252978","uhash_uid_mapping:#987843":"s324:2053755","uhash_uid_mapping:#988541":"s783:90988","uhash_uid_mapping:#998052":"s532:1265386","uhash_uid_mapping:index":"s1048029:1 1621402:1 3722477:1 3914284:1 1441221:1 2858487:1 189362:1 3421537:1 498476:1 2837569:1 3425620:1 1759970:1 998052:1 4180197:1 1743793:1 3953020:1 151128:1 1241641:1 873202:1 2846692:1 4103196:1 1727896:1 1445752:1 3789305:1 1973050:1 1104906:1 2053692:1 3745605:1 710541:1 3115700:1 438205:1 461948:1 2029788:1 239037:1 1925197:1 1742533:1 3849060:1 815479:1 441543:1 3840976:1 4203810:1 3617228:1 3518222:1 2808241:1 3479041:1 3283701:1 3943474:1 3128007:1 1894310:1 3321730:1 2838757:1 1793965:1 4227939:1 3375139:1 1052278:1 1914518:1 2835561:1 1284130:1 987843:1 4037328:1 1008772:1 336561:1 1443774:1 656397:1 3992285:1 4165988:1 3070380:1 2641351:1 343124:1 1507421:1 208624:1 3119067:1 2536658:1 42620:1 284918:1 1852678:1 1714723:1 1331451:1 4017230:1 863495:1 947013:1 1599423:1 3295214:1 837091:1 3731017:1 1984817:1 53720:1 3839642:1 667235:1 2200521:1 4210352:1 1414216:1 2227653:1 2832975:1 1870515:1 3107734:1 1669896:1 1727492:1 3884684:1 3700729:1 2040302:1 1579379:1 67945:1 590607:1 3267465:1 2943767:1 2528996:1 530235:1 2490048:1 354467:1 2696841:1 1340412:1 2269128:1 2218916:1 1987336:1 328845:1 856220:1 508754:1 1973422:1 328386:1 2962256:1 3294172:1 708497:1 1157048:1 2778618:1 381795:1 265514:1 2185067:1 2136623:1 2326187:1 1346838:1 1439161:1 3641065:1 835184:1 3199120:1 390254:1 3608492:1 2738524:1 3316981:1 1612963:1 1779298:1 2463618:1 961467:1 1414553:1 1122518:1 4145925:1 1073365:1 2318006:1 2869977:1 2083658:1 882186:1 667482:1 4179658:1 4271690:1 1767469:1 3603889:1 536381:1 682262:1 1480059:1 1082641:1 2107730:1 3675291:1 3106235:1 1684046:1 2482684:1 1232716:1 656027:1 1719110:1 3509890:1 977185:1 1310625:1 979271:1 1335511:1 2385192:1 588759:1 4183992:1 220100:1 1435520:1 565764:1 3695678:1 2794115:1 4119899:1 3356007:1 1635384:1 1505132:1 3024155:1 1034026:1 3469452:1 2508251:1 2810795:1 2118233:1 2079010:1 3780466:1 2628632:1 988541:1 115092:1 3023605:1 2973654:1 3119624:1 2954457:1 2406880:1 3291708:1 2730108:1 4270843:1 1943164:1 3543375:1 425124:1 3028947:1 1858537:1 4165439:1 2808977:1 122576:1 4292194:1 77612:1 3706145:1"}}