{"options":{"check_for_updates":true,"comment":null,"compat_foreach":false,"compat_metadata":false,"compat_powerful_this":null,"compat_wrappedjsobject":false,"compatopts_for_requires":true,"noframes":null,"override":{"merge_connects":true,"merge_excludes":true,"merge_includes":true,"merge_matches":true,"orig_connects":["*","localhost","127.0.0.1","xunlei.com","dav.jianguoyun.com"],"orig_excludes":[],"orig_includes":[],"orig_matches":["https://pan.xunlei.com/*"],"orig_noframes":null,"orig_run_at":"document-idle","orig_run_in":[],"orig_tags":[],"use_blockers":[],"use_connects":[],"use_excludes":[],"use_includes":[],"use_matches":[]},"run_at":null,"run_in":null,"sandbox":null,"tags":[],"unwrap":null,"user_modified":null},"settings":{"enabled":true,"position":19},"meta":{"name":"迅雷云盘","uuid":"54c7ffe1-efdb-4037-b5cd-673d67b084d8","modified":1742985433355,"file_url":"https://update.greasyfork.org/scripts/431256/%E8%BF%85%E9%9B%B7%E4%BA%91%E7%9B%98.user.js"}}