{"data":{"historyRecommend":"s[{\"title\":\"谋 权 篡 位 6\",\"cover\":\"https://i2.hdslb.com/bfs/archive/35b6c72d8f4758bb245c067be8db4fe5b8091f08.jpg\",\"uri\":\"bilibili://video/929571953\",\"param\":\"929571953\",\"goto\":\"av\",\"desc\":\"34852弹幕\",\"play\":3490409,\"danmaku\":34852,\"reply\":6657,\"favorite\":69169,\"coin\":215660,\"share\":9243,\"like\":696145,\"duration\":656,\"idx\":1615769912,\"cid\":308937891,\"tid\":138,\"tname\":\"搞笑\",\"tag\":{\"tag_id\":1833,\"tag_name\":\"搞笑\",\"count\":{\"atten\":2427133}},\"dislike_reasons\":[{\"reason_id\":4,\"reason_name\":\"UP主:小潮院长\"},{\"reason_id\":2,\"reason_name\":\"分区:搞笑\"},{\"reason_id\":3,\"reason_name\":\"标签:搞笑\"},{\"reason_id\":1,\"reason_name\":\"不感兴趣\"}],\"ctime\":1615468090,\"autoplay\":1,\"mid\":5970160,\"name\":\"小潮院长\",\"face\":\"http://i1.hdslb.com/bfs/face/834eb0de8d2f470bf03e4ea92831b14f3824c863.jpg\",\"official\":{\"role\":1,\"title\":\"bilibili 2020百大UP主、知名UP主\"},\"autoplay_card\":2},{\"title\":\"[瑞子]失败？只要99元？小米游戏手柄为什么做不了年轻人的第一个手柄？小米蓝牙无线手柄体验\",\"cover\":\"https://i0.hdslb.com/bfs/archive/bd08bbc4064b8cd68373d0c172c3c4d545a6cee4.jpg\",\"uri\":\"bilibili://video/629618752\",\"param\":\"629618752\",\"goto\":\"av\",\"desc\":\"689弹幕\",\"play\":129567,\"danmaku\":689,\"reply\":577,\"favorite\":961,\"coin\":1696,\"share\":97,\"like\":14750,\"duration\":329,\"idx\":1615769911,\"cid\":310074015,\"tid\":191,\"tname\":\"影音智能\",\"tag\":{\"tag_id\":16906,\"tag_name\":\"数码\",\"count\":{\"atten\":287257}},\"dislike_reasons\":[{\"reason_id\":4,\"reason_name\":\"UP主:瑞子Astor\"},{\"reason_id\":2,\"reason_name\":\"分区:影音智能\"},{\"reason_id\":3,\"reason_name\":\"标签:数码\"},{\"reason_id\":1,\"reason_name\":\"不感兴趣\"}],\"ctime\":1615694429,\"autoplay\":1,\"mid\":13801726,\"name\":\"瑞子Astor\",\"face\":\"http://i1.hdslb.com/bfs/face/cfbdd29752bb9e10cef1cec8437d41065ce5b562.jpg\",\"official\":{\"role\":1,\"title\":\"bilibili 知名UP主\"}},{\"title\":\"这个up疯了！竟然花300小时做了一颗金色飞贼！\",\"cover\":\"https://i0.hdslb.com/bfs/archive/9d55bbcb0b7238f8cdf835f4bc9478fd7a9fa9b1.jpg\",\"uri\":\"bilibili://video/672018791\",\"param\":\"672018791\",\"goto\":\"av\",\"desc\":\"4071弹幕\",\"play\":860429,\"danmaku\":4071,\"reply\":937,\"favorite\":26974,\"coin\":121957,\"share\":2682,\"like\":129357,\"duration\":502,\"idx\":1615769910,\"cid\":309238916,\"tid\":76,\"tname\":\"美食制作\",\"tag\":{\"tag_id\":20215,\"tag_name\":\"美食\",\"count\":{\"atten\":1848974}},\"dislike_reasons\":[{\"reason_id\":4,\"reason_name\":\"UP主:大碗拿铁\"},{\"reason_id\":2,\"reason_name\":\"分区:美食制作\"},{\"reason_id\":3,\"reason_name\":\"标签:美食\"},{\"reason_id\":1,\"reason_name\":\"不感兴趣\"}],\"ctime\":1615540050,\"autoplay\":1,\"mid\":393166851,\"name\":\"大碗拿铁\",\"face\":\"http://i1.hdslb.com/bfs/face/9834c5584fbcd589fb7e88c4cf75d1812d040191.jpg\",\"official\":{\"role\":1,\"title\":\"bilibili 知名美食UP主\"}},{\"title\":\"创造营丨车祸舞台、打扮邋遢，都不能让利路修下班，利老师直言要崩溃！看着太欢乐了！\",\"cover\":\"https://i2.hdslb.com/bfs/archive/e5df2c61c0796f0b5db58e5e552cf79f708a50cc.jpg\",\"uri\":\"bilibili://video/417110818\",\"param\":\"417110818\",\"goto\":\"av\",\"desc\":\"1738弹幕\",\"play\":1034871,\"danmaku\":1738,\"reply\":1755,\"favorite\":12926,\"coin\":3678,\"share\":15027,\"like\":49891,\"duration\":248,\"idx\":1615769909,\"cid\":308768132,\"tid\":71,\"tname\":\"综艺\",\"tag\":{\"tag_id\":11687,\"tag_name\":\"综艺\",\"count\":{\"atten\":428438}},\"dislike_reasons\":[{\"reason_id\":4,\"reason_name\":\"UP主:探剧避雷针\"},{\"reason_id\":2,\"reason_name\":\"分区:综艺\"},{\"reason_id\":3,\"reason_name\":\"标签:综艺\"},{\"reason_id\":1,\"reason_name\":\"不感兴趣\"}],\"ctime\":1615423540,\"autoplay\":1,\"mid\":693331683,\"name\":\"探剧避雷针\",\"face\":\"http://i0.hdslb.com/bfs/face/831b100a366cce381ac5124bb5a74e8493dc200b.jpg\"},{\"title\":\"12年前，“千里背疯母上大学”的刘秀祥，现在他的故事更催泪！\",\"cover\":\"https://i1.hdslb.com/bfs/archive/ba9c4d73008af9b9dbfb99fa53e1dfde80d2e2f3.jpg\",\"uri\":\"bilibili://video/247015557\",\"param\":\"247015557\",\"goto\":\"av\",\"desc\":\"10721弹幕\",\"play\":3291163,\"danmaku\":10721,\"reply\":8122,\"favorite\":72713,\"coin\":165509,\"share\":20569,\"like\":308425,\"duration\":239,\"idx\":1615769908,\"cid\":308515890,\"tid\":124,\"tname\":\"社科人文\",\"tag\":{\"tag_id\":10511051,\"tag_name\":\"打卡挑战\",\"count\":{\"atten\":4615}},\"dislike_reasons\":[{\"reason_id\":4,\"reason_name\":\"UP主:了不起De中国人\"},{\"reason_id\":2,\"reason_name\":\"分区:社科人文\"},{\"reason_id\":3,\"reason_name\":\"标签:打卡挑战\"},{\"reason_id\":1,\"reason_name\":\"不感兴趣\"}],\"ctime\":1615377019,\"autoplay\":1,\"mid\":404194769,\"name\":\"了不起De中国人\",\"face\":\"http://i2.hdslb.com/bfs/face/1b1f8ef7427502ead39a9af2498c9616c6c164ff.jpg\",\"official\":{\"role\":1,\"title\":\"bilibili 知名UP主\"}},{\"title\":\"来 感 受 朵 蜜 的 爱 吧 ！\",\"cover\":\"https://i1.hdslb.com/bfs/archive/58c7e2cdddf559d4858bbc183ca3f6b60c1630d4.jpg\",\"uri\":\"bilibili://video/332064152\",\"param\":\"332064152\",\"goto\":\"av\",\"desc\":\"4069弹幕\",\"play\":341666,\"danmaku\":4069,\"reply\":1899,\"favorite\":8129,\"coin\":49338,\"share\":649,\"like\":58351,\"duration\":487,\"idx\":1615769907,\"cid\":309616394,\"tid\":182,\"tname\":\"影视杂谈\",\"tag\":{\"tag_id\":792,\"tag_name\":\"吐槽\",\"count\":{\"atten\":333184}},\"dislike_reasons\":[{\"reason_id\":4,\"reason_name\":\"UP主:丸子叨叨叨\"},{\"reason_id\":2,\"reason_name\":\"分区:影视杂谈\"},{\"reason_id\":3,\"reason_name\":\"标签:吐槽\"},{\"reason_id\":1,\"reason_name\":\"不感兴趣\"}],\"ctime\":1615627201,\"autoplay\":1,\"mid\":452309333,\"name\":\"丸子叨叨叨\",\"face\":\"http://i2.hdslb.com/bfs/face/049c24b1fb0af3329df9dcd2bd75b02811e7b4db.jpg\",\"official\":{\"role\":1,\"title\":\"bilibili 2020百大UP主、bilibili 2019年度新人奖UP主\",\"desc\":\"第四届“bilibili 新星计划”获奖者\"}},{\"title\":\"【光遇】新毕业斗篷！新花环发型/亲吻樱花先祖\",\"cover\":\"https://i0.hdslb.com/bfs/archive/93a1ac976189a990c1bff2ca883ea168e567c177.jpg\",\"uri\":\"bilibili://video/757023854\",\"param\":\"757023854\",\"goto\":\"av\",\"desc\":\"383弹幕\",\"play\":166325,\"danmaku\":383,\"reply\":392,\"favorite\":2527,\"coin\":1250,\"share\":1837,\"like\":11994,\"duration\":133,\"idx\":1615769906,\"cid\":309949889,\"tid\":172,\"tname\":\"手机游戏\",\"tag\":{\"tag_id\":3007,\"tag_name\":\"手机游戏\",\"count\":{\"atten\":173194}},\"dislike_reasons\":[{\"reason_id\":4,\"reason_name\":\"UP主:饮露Neo_光遇\"},{\"reason_id\":2,\"reason_name\":\"分区:手机游戏\"},{\"reason_id\":3,\"reason_name\":\"标签:手机游戏\"},{\"reason_id\":1,\"reason_name\":\"不感兴趣\"}],\"ctime\":1615654402,\"autoplay\":1,\"mid\":215215463,\"name\":\"饮露Neo_光遇\",\"face\":\"http://i2.hdslb.com/bfs/face/5f66e348625d7976979c819bac5d6b7d03eaaf4a.jpg\",\"official\":{\"role\":1,\"title\":\"bilibili 知名游戏UP主\"}},{\"title\":\"直击电竞天赋测试，追梦少年还是网瘾少年？【差评君】\",\"cover\":\"https://i2.hdslb.com/bfs/archive/e899660c6e80695a5ed380c948e6432f55331d5b.jpg\",\"uri\":\"bilibili://video/757109644\",\"param\":\"757109644\",\"goto\":\"av\",\"desc\":\"9048弹幕\",\"play\":167985,\"danmaku\":9048,\"reply\":1819,\"favorite\":5466,\"coin\":14412,\"share\":2071,\"like\":22641,\"duration\":905,\"idx\":1615769905,\"cid\":309579015,\"tid\":124,\"tname\":\"社科人文\",\"tag\":{\"tag_id\":62526,\"tag_name\":\"电子竞技\",\"count\":{\"atten\":110866}},\"dislike_reasons\":[{\"reason_id\":4,\"reason_name\":\"UP主:差评君\"},{\"reason_id\":2,\"reason_name\":\"分区:社科人文\"},{\"reason_id\":3,\"reason_name\":\"标签:电子竞技\"},{\"reason_id\":1,\"reason_name\":\"不感兴趣\"}],\"ctime\":1615611919,\"autoplay\":1,\"mid\":19319172,\"name\":\"差评君\",\"face\":\"http://i0.hdslb.com/bfs/face/229599e175faafa1855c0f103d512e8b469b5aad.jpg\",\"official\":{\"role\":1,\"title\":\"bilibili 知名UP主\"}},{\"title\":\"揭秘众多明星代言的游戏，真的能领到现金红包吗？\",\"cover\":\"https://i1.hdslb.com/bfs/archive/9ca80cbfbc55924617ba59995bc27309ebc5061d.jpg\",\"uri\":\"bilibili://video/887034850\",\"param\":\"887034850\",\"goto\":\"av\",\"desc\":\"700弹幕\",\"play\":167972,\"danmaku\":700,\"reply\":832,\"favorite\":1356,\"coin\":5421,\"share\":221,\"like\":19270,\"duration\":267,\"idx\":1615769904,\"cid\":310048543,\"tid\":172,\"tname\":\"手机游戏\",\"tag\":{\"tag_id\":6874,\"tag_name\":\"趣闻\",\"count\":{\"atten\":80050}},\"dislike_reasons\":[{\"reason_id\":4,\"reason_name\":\"UP主:给我一个镜头V\"},{\"reason_id\":2,\"reason_name\":\"分区:手机游戏\"},{\"reason_id\":3,\"reason_name\":\"标签:趣闻\"},{\"reason_id\":1,\"reason_name\":\"不感兴趣\"}],\"ctime\":1615691979,\"autoplay\":1,\"mid\":523608103,\"name\":\"给我一个镜头V\",\"face\":\"http://i1.hdslb.com/bfs/face/9a763e8aaafe4bd301f3f166abc2217321643ea2.jpg\",\"official\":{\"role\":1,\"title\":\"bilibili 知名UP主\"}},{\"title\":\"在海拔1800米的地方寻找大熊猫是什么体验\",\"cover\":\"https://i2.hdslb.com/bfs/archive/8bb7b5bba91bc2e6a261f2e014c89c65606a9285.jpg\",\"uri\":\"bilibili://video/929624013\",\"param\":\"929624013\",\"goto\":\"av\",\"desc\":\"6878弹幕\",\"play\":703552,\"danmaku\":6878,\"reply\":3066,\"favorite\":9184,\"coin\":37738,\"share\":1051,\"like\":128986,\"duration\":654,\"idx\":1615769903,\"cid\":309331940,\"tid\":21,\"tname\":\"日常\",\"tag\":{\"tag_id\":782,\"tag_name\":\"熊猫\",\"count\":{\"atten\":12514}},\"dislike_reasons\":[{\"reason_id\":4,\"reason_name\":\"UP主:凉风Kaze\"},{\"reason_id\":2,\"reason_name\":\"分区:日常\"},{\"reason_id\":3,\"reason_name\":\"标签:熊猫\"},{\"reason_id\":1,\"reason_name\":\"不感兴趣\"}],\"ctime\":1615694403,\"autoplay\":1,\"mid\":14110780,\"name\":\"凉风Kaze\",\"face\":\"http://i1.hdslb.com/bfs/face/e0cc906bb531195e9ee9f3b575effdd2b056eaea.jpg\",\"official\":{\"role\":1,\"title\":\"2020年度弹幕人气奖UP主、bilibili  2020百大UP主\"}}]"},"ts":1615769923843}