{"data":{"CatPW":"o{\"date\":\"2021/3/13\",\"sCode\":\"\",\"unPW\":\"\",\"Src\":\"https://xibie.lanzoui.com/iun9bmskdeh\",\"surl\":\"\",\"Hash\":\"\",\"webSrc\":\"https%3A%2F%2Fiya.app%2Fforum.php%3Fmod%3Dviewthread%26tid%3D17945%26extra%3D%26page%3D1\",\"webTitle\":\"%E3%80%90%E6%96%B0%E6%8F%90%E9%86%92%E3%80%91QQ9.4.5%E6%87%92%E4%BA%BA%E6%95%B4%E5%90%88%E7%89%88(NtrQQ7.1.2)%20-%20%E4%BD%BF%E7%94%A8%E4%BA%A4%E6%B5%81%20-%20iYa.App%20%E8%BD%AF%E4%BB%B6%E4%BA%A4%E6%B5%81%E7%A4%BE%E5%8C%BA%20-%20Powered%20by%20Discuz!\"}","CatPW_Manage":"o{\"StorageSave\":true,\"UpdataConfig\":{\"UpdataSave\":true,\"UpdataNotify\":true,\"UpdataPlugin\":true,\"UpdataVersion\":\"3.15.18\"},\"StorageExp\":\"999\"}"},"ts":1615579872717}