{"options":{"awareOfChrome":false,"check_for_updates":true,"comment":null,"compat_arrayleft":false,"compat_foreach":false,"compat_forvarin":false,"compat_metadata":false,"compat_uW_gmonkey":false,"compat_wrappedjsobject":false,"compatopts_for_requires":true,"noframes":null,"override":{"merge_connects":true,"merge_excludes":true,"merge_includes":true,"merge_matches":true,"orig_connects":[],"orig_excludes":[],"orig_includes":[],"orig_matches":["*://*.twitter.com/*","*://*.youtube.com/*","*://*.facebook.com/*","*://*.reddit.com/*","*://*.5ch.net/*","*://*.discord.com/*","*://*.telegram.org/*"],"orig_noframes":null,"orig_run_at":"document-body","use_blockers":[],"use_connects":["google.com","hjenglish.com","qq.com","baidu.com","caiyunai.com","youdao.com","ydstatic.com"],"use_excludes":[],"use_includes":[],"use_matches":[]},"run_at":null},"settings":{"enabled":true,"position":5},"meta":{"name":"翻译机","uuid":"4e0ef7ab-9af0-43b6-b58f-8109bc64247a","modified":1615183756818,"file_url":"https://greasyfork.org/scripts/378277-%E6%8E%A8%E7%89%B9%E7%BF%BB%E8%AF%91%E6%9C%BA/code/%E6%8E%A8%E7%89%B9%E7%BF%BB%E8%AF%91%E6%9C%BA.user.js"}}