{"options":{"check_for_updates":true,"comment":null,"compat_foreach":false,"compat_metadata":false,"compat_powerful_this":null,"compat_wrappedjsobject":false,"compatopts_for_requires":true,"noframes":null,"override":{"merge_connects":true,"merge_excludes":true,"merge_includes":true,"merge_matches":true,"orig_connects":[],"orig_excludes":["*://forums.e-hentai.org/*"],"orig_includes":[],"orig_matches":["*://exhentai.org/*","*://exhentai55ld2wyap5juskbm67czulomrouspdacjamjeloj7ugjbsad.onion/*","*://e-hentai.org/*","*://*.exhentai.org/*","*://*.exhentai55ld2wyap5juskbm67czulomrouspdacjamjeloj7ugjbsad.onion/*","*://*.e-hentai.org/*","*://*.hath.network/*"],"orig_noframes":null,"orig_run_at":"document-start","orig_run_in":[],"orig_tags":[],"use_blockers":[],"use_connects":[],"use_excludes":[],"use_includes":[],"use_matches":[]},"run_at":null,"run_in":null,"sandbox":null,"tags":[],"unwrap":null,"user_modified":null},"settings":{"enabled":true,"position":11},"meta":{"name":"EhSyringe","uuid":"2b25f1dc-3f17-4250-a8d6-469d7479ab93","modified":1742985433352,"file_url":"https://update.greasyfork.org/scripts/407833/EhSyringe.user.js"}}