{"options":{"check_for_updates":true,"comment":null,"compat_foreach":false,"compat_metadata":false,"compat_powerful_this":null,"compat_wrappedjsobject":false,"compatopts_for_requires":true,"noframes":null,"override":{"merge_connects":true,"merge_excludes":true,"merge_includes":true,"merge_matches":true,"orig_connects":["hentaiverse.org","e-hentai.org"],"orig_excludes":["https://hentaiverse.org/?s=Battle","https://hentaiverse.org/equip/*","http://alt.hentaiverse.org/?s=Battle","http://alt.hentaiverse.org/equip/*","https://hentaiverse.org/isekai/?s=Battle","https://hentaiverse.org/isekai/equip/*","http://alt.hentaiverse.org/isekai/?s=Battle","http://alt.hentaiverse.org/isekai/equip/*"],"orig_includes":[],"orig_matches":["*://*.hentaiverse.org/*","*://e-hentai.org/*"],"orig_noframes":null,"orig_run_at":"document-end","orig_run_in":[],"orig_tags":[],"use_blockers":[],"use_connects":[],"use_excludes":[],"use_includes":[],"use_matches":[]},"run_at":null,"run_in":null,"sandbox":null,"tags":[],"unwrap":null,"user_modified":null},"settings":{"enabled":true,"position":14},"meta":{"name":"HV Utils","uuid":"fd5aa769-4cc5-428e-9577-ff5feb424a6c","modified":1742985433354}}