{"ts":1742985832631,"data":{"autosptask#1365947":"s{\"totalSp\":9,\"lastChecked\":1742985832631,\"lastComplete\":1742985832631,\"lastCompleteSp\":9}","last_version":"s92","my_config#1365947":"s{\"myUserHashId\":\"a9d59dbb\",\"myNickName\":\"SekiBetu\",\"autoCheckReplyOption\":true,\"enhanceSellFrame\":true,\"buyRefreshFree\":true,\"replyRefreshFree\":true,\"enhancePageTitle\":true,\"highlightMyself\":true,\"heightReductionMode\":false,\"heightReductionMode$LV2\":false,\"showFloatingMessageIndicator\":true,\"showFloatingStoreThreadButton\":true,\"showFloatingWatchIndicator\":true,\"hideWatchButtonIfEmpty\":false,\"subCategoryInheritImageWallMode\":true,\"dontFilterRequestReplyByUser\":true,\"showInputLimit\":true,\"hideDefaultUserpic\":false,\"hideOtherUserpic\":false,\"selfBypassHideUserpic\":true,\"customUserBypassHideUserpic\":true,\"stickyUserInfo\":true,\"showExtendedUserInfo\":true,\"showExtendedUserInfo$HP\":false,\"hideIgnoreContentPost\":false,\"disablePostCollapse$Self\":true,\"treatAllEmojiTheSameWay\":true,\"ignoreContentUseTextOnly\":true,\"customUserBypassIgnoreList\":true,\"customUserpicBypassIgnoreList\":false,\"watchSkipIgnoreContent\":true,\"customUserBypassWatchSkip\":true,\"hideFilteredThread\":false,\"requestThreadHighlightEnded\":true,\"requestThreadShowExtraBounty\":true,\"requestThreadUseHistoryData\":true,\"siteAnnouncementSectionDefaultFolded\":false,\"siteNoticeSectionDefaultFolded\":false,\"showBackToTopButton\":true,\"useCustomUserInfoPopup\":true,\"hideInactivePinnedUsers\":true,\"floatingShortcut\":\"tr\",\"textSize\":0,\"siteThemeDarkerSubjectLine\":false,\"hideRedundantReSubjectLine\":true,\"addQuickJumpReSubjectLine\":true,\"threadListDefaultOpenNewPage\":false,\"infiniteScrollReplaceURL\":false,\"infiniteScrollScrollToNewPage\":false,\"infiniteScroll$usertopics\":false,\"infiniteScroll$userposts\":false,\"infiniteScroll$threads\":false,\"infiniteScroll$thread_posts\":false,\"infiniteScroll$search\":false,\"infiniteScroll$msg_inbox\":false,\"showResourceSpotsFloating\":true,\"showResourceSpots$sells\":true,\"showResourceSpots$attachments\":true,\"showResourceSpots$shares\":true,\"showResourceSpots$images\":true,\"showResourceSpots$links\":false,\"showResourceSpots$likes\":false,\"showFavThreadFloatingList\":true,\"showFavThreadFloatingList$withTitle\":true,\"showActiveRepliers\":false,\"showActiveRepliers$min\":2,\"showShareTypeFilter\":true,\"hideSettlementPost\":true,\"hideSettlementPost$GreyoutOnly\":true,\"hideSettlementPost$UseDefaultKeywords\":true,\"hideSettlementPost$HighlightMyself\":true,\"customUserBypassThreadFilter\":true,\"showRequestThreadFilters\":true,\"customUserHashIdMappings\":{\"#4\":[4,\"1eb7ddbc\",\"可可萝\"],\"@1eb7ddbc\":[4,\"1eb7ddbc\",\"可可萝\"]},\"customUserOrderBy\":\"uid\",\"userReplyListFolded\":false,\"replyShownAsByOp\":false,\"hideZeroReply\":false,\"keepVisitPostHistory\":true,\"showInitialRememberedTitle\":false,\"hideFrontPageRecentList\":false,\"v15migrationApplied\":true,\"v42migrationApplied\":true,\"openIntroAfterUpdate\":true,\"autoSpTasks\":true,\"showDefaultingPicWallOption\":true,\"hideMobileVerSwitch\":true,\"showSearchBar\":false,\"showSearchBar$align\":null,\"hasSeenAdminRole\":false,\"adminNoScoreNotifByDefault\":false,\"adminHideMarkUnscoreButton\":false,\"adminHideMarkBadFormatButton\":false}"}}