{"ts":1742985903610,"data":{"PGS_jabletv-video-page-hide-below-info-data":"bfalse","PGS_jabletv-video-page-hide-below-info-fav":"bfalse","PGS_jabletv-video-page-hide-below-info-mark":"bfalse","PGS_jabletv-video-page-hide-below-info-more":"bfalse","PGS_jabletv-video-page-hide-below-info-new-comment":"btrue","PGS_jabletv-video-page-hide-below-info-type-time":"bfalse","PGS_pornhub-video-page-hide-below-info-actions-container":"bfalse","PGS_pornhub-video-page-hide-below-info-comments":"bfalse","PGS_pornhub-video-page-hide-below-info-rating-info":"bfalse"}}