{"options":{"check_for_updates":true,"comment":null,"compat_foreach":false,"compat_metadata":false,"compat_powerful_this":null,"compat_wrappedjsobject":false,"compatopts_for_requires":true,"noframes":null,"override":{"merge_connects":true,"merge_excludes":true,"merge_includes":true,"merge_matches":true,"orig_connects":[],"orig_excludes":[],"orig_includes":["http*://hentaiverse.org/*","http*://alt.hentaiverse.org/*","https://e-hentai.org/*"],"orig_matches":[],"orig_noframes":null,"orig_run_at":"document-end","orig_run_in":[],"orig_tags":[],"use_blockers":[],"use_connects":[],"use_excludes":[],"use_includes":[],"use_matches":[]},"run_at":null,"run_in":null,"sandbox":null,"tags":[],"unwrap":null,"user_modified":null},"settings":{"enabled":true,"position":13},"meta":{"name":"[HV]AutoAttack","uuid":"b8068aac-7f50-47ab-a25e-9c5400a3bd07","modified":1742986224606,"file_url":"https://github.com/dodying/UserJs/raw/refs/heads/master/HentaiVerse/hvAutoAttack/hvAutoAttack.user.js"}}