{"options":{"check_for_updates":true,"comment":null,"compat_foreach":false,"compat_metadata":false,"compat_powerful_this":null,"compat_wrappedjsobject":false,"compatopts_for_requires":true,"noframes":null,"override":{"merge_connects":true,"merge_excludes":true,"merge_includes":true,"merge_matches":true,"orig_connects":[],"orig_excludes":[],"orig_includes":[],"orig_matches":["*://*.exhentai.org/g/*/*","*://*.e-hentai.org/g/*/*","*://*.nhentai.net/nope/*/*"],"orig_noframes":null,"orig_run_at":"document-start","orig_run_in":[],"orig_tags":[],"use_blockers":[],"use_connects":[],"use_excludes":[],"use_includes":[],"use_matches":[]},"run_at":null,"run_in":null,"sandbox":null,"tags":[],"unwrap":null,"user_modified":null},"settings":{"enabled":true,"position":12},"meta":{"name":"ExHentai.org - quick search artist on nhentai.net","uuid":"8967f762-9b1b-492f-b9df-d56c57e3162a","modified":1742985433354,"file_url":"https://update.sleazyfork.org/scripts/448730/ExHentaiorg%20-%20quick%20search%20artist%20on%20nhentainet.user.js"}}