{"options":{"check_for_updates":true,"comment":null,"compat_foreach":false,"compat_metadata":false,"compat_powerful_this":null,"compat_wrappedjsobject":false,"compatopts_for_requires":true,"noframes":null,"override":{"merge_connects":true,"merge_excludes":true,"merge_includes":true,"merge_matches":true,"orig_connects":[],"orig_excludes":[],"orig_includes":[],"orig_matches":["https://steamcommunity.com/id/*/inventory*","https://steamcommunity.com/profiles/*/inventory*","https://steamcommunity.com/market*","https://steamcommunity.com/tradeoffer*"],"orig_noframes":null,"orig_run_at":"document-idle","orig_run_in":[],"orig_tags":[],"use_blockers":[],"use_connects":[],"use_excludes":[],"use_includes":[],"use_matches":[]},"run_at":null,"run_in":null,"sandbox":null,"tags":[],"unwrap":null,"user_modified":null},"settings":{"enabled":true,"position":9},"meta":{"name":"Steam Economy Enhancer","uuid":"66b6a4f5-9882-4b49-a5c5-41c8768282a0","modified":1743507205861,"file_url":"https://raw.githubusercontent.com/Nuklon/Steam-Economy-Enhancer/master/code.user.js"}}