{"options":{"check_for_updates":true,"comment":null,"compat_foreach":false,"compat_metadata":false,"compat_powerful_this":null,"compat_wrappedjsobject":false,"compatopts_for_requires":true,"noframes":null,"override":{"merge_connects":true,"merge_excludes":true,"merge_includes":true,"merge_matches":true,"orig_connects":[],"orig_excludes":[],"orig_includes":[],"orig_matches":["*://*.east-plus.net/*","*://east-plus.net/*","*://*.south-plus.net/*","*://south-plus.net/*","*://*.south-plus.org/*","*://south-plus.org/*","*://*.white-plus.net/*","*://white-plus.net/*","*://*.north-plus.net/*","*://north-plus.net/*","*://*.level-plus.net/*","*://level-plus.net/*","*://*.soul-plus.net/*","*://soul-plus.net/*","*://*.snow-plus.net/*","*://snow-plus.net/*","*://*.spring-plus.net/*","*://spring-plus.net/*","*://*.summer-plus.net/*","*://summer-plus.net/*","*://*.blue-plus.net/*","*://blue-plus.net/*","*://*.imoutolove.me/*","*://imoutolove.me/*"],"orig_noframes":null,"orig_run_at":"document-start","orig_run_in":[],"orig_tags":[],"use_blockers":[],"use_connects":[],"use_excludes":[],"use_includes":[],"use_matches":[]},"run_at":null,"run_in":null,"sandbox":null,"tags":[],"unwrap":null,"user_modified":null},"settings":{"enabled":true,"position":20},"meta":{"name":"南加北加论坛强化脚本(凛+)","uuid":"02eef41a-77e8-4cc9-b5a1-6a627bded28a","modified":1742985433355,"file_url":"https://update.greasyfork.org/scripts/454120/%E5%8D%97%E5%8A%A0%E5%8C%97%E5%8A%A0%E8%AE%BA%E5%9D%9B%E5%BC%BA%E5%8C%96%E8%84%9A%E6%9C%AC%28%E5%87%9B%2B%29.user.js"}}