{"ts":1743833243936,"data":{"autosptask#1365947":"s{\"totalSp\":18,\"lastChecked\":1743830714577,\"lastComplete\":1743830714577,\"lastCompleteSp\":9}","last_version":"s92","my_config#1365947":"s{\"myUserHashId\":\"a9d59dbb\",\"myNickName\":\"SekiBetu\",\"autoCheckReplyOption\":true,\"enhanceSellFrame\":true,\"buyRefreshFree\":true,\"replyRefreshFree\":true,\"enhancePageTitle\":true,\"highlightMyself\":true,\"heightReductionMode\":false,\"heightReductionMode$LV2\":false,\"showFloatingMessageIndicator\":true,\"showFloatingStoreThreadButton\":true,\"showFloatingWatchIndicator\":true,\"hideWatchButtonIfEmpty\":false,\"subCategoryInheritImageWallMode\":true,\"dontFilterRequestReplyByUser\":true,\"showInputLimit\":true,\"hideDefaultUserpic\":false,\"hideOtherUserpic\":false,\"selfBypassHideUserpic\":true,\"customUserBypassHideUserpic\":true,\"stickyUserInfo\":true,\"showExtendedUserInfo\":true,\"showExtendedUserInfo$HP\":false,\"hideIgnoreContentPost\":false,\"disablePostCollapse$Self\":true,\"treatAllEmojiTheSameWay\":true,\"ignoreContentUseTextOnly\":true,\"customUserBypassIgnoreList\":true,\"customUserpicBypassIgnoreList\":false,\"watchSkipIgnoreContent\":true,\"customUserBypassWatchSkip\":true,\"hideFilteredThread\":false,\"requestThreadHighlightEnded\":true,\"requestThreadShowExtraBounty\":true,\"requestThreadUseHistoryData\":true,\"siteAnnouncementSectionDefaultFolded\":false,\"siteNoticeSectionDefaultFolded\":false,\"showBackToTopButton\":true,\"useCustomUserInfoPopup\":true,\"hideInactivePinnedUsers\":true,\"floatingShortcut\":\"tr\",\"textSize\":0,\"siteThemeDarkerSubjectLine\":false,\"hideRedundantReSubjectLine\":true,\"addQuickJumpReSubjectLine\":true,\"threadListDefaultOpenNewPage\":false,\"infiniteScrollReplaceURL\":false,\"infiniteScrollScrollToNewPage\":false,\"infiniteScroll$usertopics\":false,\"infiniteScroll$userposts\":false,\"infiniteScroll$threads\":false,\"infiniteScroll$thread_posts\":false,\"infiniteScroll$search\":false,\"infiniteScroll$msg_inbox\":false,\"showResourceSpotsFloating\":true,\"showResourceSpots$sells\":true,\"showResourceSpots$attachments\":true,\"showResourceSpots$shares\":true,\"showResourceSpots$images\":true,\"showResourceSpots$links\":false,\"showResourceSpots$likes\":false,\"showFavThreadFloatingList\":true,\"showFavThreadFloatingList$withTitle\":true,\"showActiveRepliers\":false,\"showActiveRepliers$min\":2,\"showShareTypeFilter\":true,\"hideSettlementPost\":true,\"hideSettlementPost$GreyoutOnly\":true,\"hideSettlementPost$UseDefaultKeywords\":true,\"hideSettlementPost$HighlightMyself\":true,\"customUserBypassThreadFilter\":true,\"showRequestThreadFilters\":true,\"customUserHashIdMappings\":{\"#4\":[4,\"1eb7ddbc\",\"可可萝\"],\"@1eb7ddbc\":[4,\"1eb7ddbc\",\"可可萝\"]},\"customUserOrderBy\":\"uid\",\"userReplyListFolded\":false,\"replyShownAsByOp\":false,\"hideZeroReply\":false,\"keepVisitPostHistory\":true,\"showInitialRememberedTitle\":false,\"hideFrontPageRecentList\":false,\"v15migrationApplied\":true,\"v42migrationApplied\":true,\"openIntroAfterUpdate\":true,\"autoSpTasks\":true,\"showDefaultingPicWallOption\":true,\"hideMobileVerSwitch\":true,\"showSearchBar\":false,\"showSearchBar$align\":null,\"hasSeenAdminRole\":false,\"adminNoScoreNotifByDefault\":false,\"adminHideMarkUnscoreButton\":false,\"adminHideMarkBadFormatButton\":false}","my_favor_threads#1365947":"s{\"data\":{\"642476\":{\"id\":642476,\"tid\":642476,\"op\":620118,\"category\":\"\"},\"805570\":{\"id\":805570,\"tid\":805570,\"op\":620118,\"category\":\"\"},\"805576\":{\"id\":805576,\"tid\":805576,\"op\":620118,\"category\":\"\"},\"895334\":{\"id\":895334,\"tid\":895334,\"op\":1180561,\"category\":\"\"},\"1418721\":{\"id\":1418721,\"tid\":1418721,\"op\":1443374,\"category\":\"\"},\"1449654\":{\"id\":1449654,\"tid\":1449654,\"op\":1349958,\"category\":\"\"},\"1476817\":{\"id\":1476817,\"tid\":1476817,\"op\":1428777,\"category\":\"\"},\"1485133\":{\"id\":1485133,\"tid\":1485133,\"op\":928005,\"category\":\"\"},\"1506125\":{\"id\":1506125,\"tid\":1506125,\"op\":1482721,\"category\":\"\"},\"1508740\":{\"id\":1508740,\"tid\":1508740,\"op\":1359305,\"category\":\"\"},\"1522984\":{\"id\":1522984,\"tid\":1522984,\"op\":1531309,\"category\":\"\"},\"1556817\":{\"id\":1556817,\"tid\":1556817,\"op\":1477786,\"category\":\"\"},\"1569482\":{\"id\":1569482,\"tid\":1569482,\"op\":1349958,\"category\":\"\"},\"1569605\":{\"id\":1569605,\"tid\":1569605,\"op\":1284085,\"category\":\"\"},\"1572191\":{\"id\":1572191,\"tid\":1572191,\"op\":476048,\"category\":\"\"},\"1577363\":{\"id\":1577363,\"tid\":1577363,\"op\":1284085,\"category\":\"\"},\"1580507\":{\"id\":1580507,\"tid\":1580507,\"op\":1656125,\"category\":\"\"},\"1633312\":{\"id\":1633312,\"tid\":1633312,\"op\":1349958,\"category\":\"\"},\"1657828\":{\"id\":1657828,\"tid\":1657828,\"op\":266959,\"category\":\"\"},\"1676715\":{\"id\":1676715,\"tid\":1676715,\"op\":1349958,\"category\":\"\"},\"1701737\":{\"id\":1701737,\"tid\":1701737,\"op\":1284085,\"category\":\"\"},\"1721686\":{\"id\":1721686,\"tid\":1721686,\"op\":1284085,\"category\":\"\"},\"1724575\":{\"id\":1724575,\"tid\":1724575,\"op\":1284085,\"category\":\"\"},\"1728711\":{\"id\":1728711,\"tid\":1728711,\"op\":914847,\"category\":\"\"},\"1728715\":{\"id\":1728715,\"tid\":1728715,\"op\":1284085,\"category\":\"\"},\"1791944\":{\"id\":1791944,\"tid\":1791944,\"op\":1064732,\"category\":\"\"},\"1845964\":{\"id\":1845964,\"tid\":1845964,\"op\":1284085,\"category\":\"\"},\"1866066\":{\"id\":1866066,\"tid\":1866066,\"op\":1811269,\"category\":\"\"},\"1951204\":{\"id\":1951204,\"tid\":1951204,\"op\":1064732,\"category\":\"\"},\"1997226\":{\"id\":1997226,\"tid\":1997226,\"op\":1059671,\"category\":\"\"},\"2086932\":{\"id\":2086932,\"tid\":2086932,\"op\":1544698,\"category\":\"\"},\"2107098\":{\"id\":2107098,\"tid\":2107098,\"op\":2011656,\"category\":\"\"},\"2132605\":{\"id\":2132605,\"tid\":2132605,\"op\":1284085,\"category\":\"\"},\"2152324\":{\"id\":2152324,\"tid\":2152324,\"op\":1397580,\"category\":\"\"},\"2191741\":{\"id\":2191741,\"tid\":2191741,\"op\":1284085,\"category\":\"\"},\"2225526\":{\"id\":2225526,\"tid\":2225526,\"op\":1532663,\"category\":\"\"},\"2303498\":{\"id\":2303498,\"tid\":2303498,\"op\":2141461,\"category\":\"\"},\"2386786\":{\"id\":2386786,\"tid\":2386786,\"op\":1070512,\"category\":\"\"},\"2405438\":{\"id\":2405438,\"tid\":2405438,\"op\":597218,\"category\":\"\"},\"2409961\":{\"id\":2409961,\"tid\":2409961,\"op\":2042913,\"category\":\"\"},\"2432859\":{\"id\":2432859,\"tid\":2432859,\"op\":659406,\"category\":\"\"},\"2433884\":{\"id\":2433884,\"tid\":2433884,\"op\":1601131,\"category\":\"\"},\"2467855\":{\"id\":2467855,\"tid\":2467855,\"op\":522610,\"category\":\"\"},\"2479283\":{\"id\":2479283,\"tid\":2479283,\"op\":522610,\"category\":\"\"}},\"time\":1743830729138}","tid_recent#1365947:#2178539":"s{\"tid\":2178539,\"uid\":1358446,\"fid\":48,\"area\":\"询问&求物\",\"title\":\"1000sp求站内韩国twitch主播golaniyule0的大尺度资源。\",\"time\":1743830993481,\"bought\":false,\"replied\":0,\"bounty\":{\"sp\":20,\"pts\":10,\"winner\":null,\"bountyUntil\":1743830993481,\"ended\":0}}","tid_recent#1365947:#2343058":"s{\"tid\":2343058,\"uid\":1461698,\"fid\":48,\"area\":\"询问&求物\",\"title\":\"求一部分小鹿酱未流出的资源，我弟弟说很急，大佬快来\",\"time\":1743833243935,\"bought\":false,\"replied\":0,\"bounty\":{\"sp\":100,\"pts\":10,\"winner\":null,\"bountyUntil\":1743833243935,\"ended\":0}}","tid_recent#1365947:#2356953":"s{\"tid\":2356953,\"uid\":818940,\"fid\":48,\"area\":\"询问&求物\",\"title\":\"求一个老福利姬 小鹿酱 的视频\",\"time\":1743833243520,\"bought\":false,\"replied\":0,\"bounty\":{\"sp\":500,\"pts\":8,\"winner\":null,\"bountyUntil\":1743833243519,\"ended\":0}}","tid_recent#1365947:#2461331":"s{\"tid\":2461331,\"uid\":1014578,\"fid\":48,\"area\":\"询问&求物\",\"title\":\"求各季Jinricp和熊猫班\",\"time\":1743831041119,\"bought\":true,\"replied\":0,\"bounty\":{\"sp\":2000,\"pts\":100,\"winner\":null,\"bountyUntil\":1743831041119,\"ended\":0}}","tid_recent#1365947:#2483314":"s{\"tid\":2483314,\"uid\":832773,\"fid\":48,\"area\":\"询问&求物\",\"title\":\"求老金 【无水印原版首发】国模小鹿大尺度私拍【555P/2.29G】\",\"time\":1743833237190,\"bought\":false,\"replied\":0,\"bounty\":{\"sp\":100,\"pts\":0,\"winner\":\"e51dbd47\",\"bountyUntil\":-1,\"ended\":2}}","tid_recent#1365947:#2486134":"s{\"tid\":2486134,\"uid\":1383702,\"fid\":9,\"area\":\"茶馆\",\"title\":\"调侃网是不是跑路了？\",\"time\":1743830729236,\"bought\":false,\"replied\":0,\"bounty\":null}","tid_recent#1365947:#2486807":"s{\"tid\":2486807,\"uid\":1890736,\"fid\":48,\"area\":\"询问&求物\",\"title\":\"求视频出处\",\"time\":1743833046593,\"bought\":false,\"replied\":0,\"bounty\":{\"sp\":100,\"pts\":10,\"winner\":null,\"bountyUntil\":1744553046592,\"ended\":0}}","tid_recent#1365947:#2486888":"s{\"tid\":2486888,\"uid\":389679,\"fid\":48,\"area\":\"询问&求物\",\"title\":\"求这个大奶妹大全部资源呀\",\"time\":1743832729930,\"bought\":false,\"replied\":0,\"bounty\":{\"sp\":50,\"pts\":10,\"winner\":null,\"bountyUntil\":1744559929929,\"ended\":0}}","tid_recent#1365947:#2493272":"s{\"tid\":2493272,\"uid\":1563769,\"fid\":48,\"area\":\"询问&求物\",\"title\":\"求视频出处\",\"time\":1743832740092,\"bought\":false,\"replied\":0,\"bounty\":{\"sp\":20,\"pts\":10,\"winner\":null,\"bountyUntil\":1745146740092,\"ended\":0}}","tid_recent#1365947:#2498678":"s{\"tid\":2498678,\"uid\":1045172,\"fid\":48,\"area\":\"询问&求物\",\"title\":\"求一张有关修女的色图\",\"time\":1743832746463,\"bought\":false,\"replied\":0,\"bounty\":{\"sp\":20,\"pts\":10,\"winner\":null,\"bountyUntil\":1745647146463,\"ended\":0}}","tid_recent#1365947:#2501263":"s{\"tid\":2501263,\"uid\":1111063,\"fid\":48,\"area\":\"询问&求物\",\"title\":\"300SP 求超色伪娘荼靡tumi自整理资源\",\"time\":1743832948492,\"bought\":false,\"replied\":0,\"bounty\":{\"sp\":20,\"pts\":10,\"winner\":null,\"bountyUntil\":1745899348491,\"ended\":0}}","tid_recent#1365947:#2502131":"s{\"tid\":2502131,\"uid\":2046701,\"fid\":48,\"area\":\"询问&求物\",\"title\":\"求一杆钢枪女警察的视频\",\"time\":1743833008355,\"bought\":false,\"replied\":0,\"bounty\":{\"sp\":20,\"pts\":10,\"winner\":null,\"bountyUntil\":1745978608354,\"ended\":0}}","tid_recent#1365947:#2503999":"s{\"tid\":2503999,\"uid\":870518,\"fid\":48,\"area\":\"询问&求物\",\"title\":\"求“00后英语老师多次裸贷无力偿还 肉偿抵债”\",\"time\":1743832861897,\"bought\":false,\"replied\":0,\"bounty\":{\"sp\":20,\"pts\":0,\"winner\":\"60494b1c\",\"bountyUntil\":-1,\"ended\":2}}","tid_recent#1365947:#2505381":"s{\"tid\":2505381,\"uid\":1918362,\"fid\":48,\"area\":\"询问&求物\",\"title\":\"求图中电视上的资源出处，作者名称\",\"time\":1743833004521,\"bought\":false,\"replied\":0,\"bounty\":{\"sp\":50,\"pts\":10,\"winner\":null,\"bountyUntil\":1746263004521,\"ended\":0}}","tid_recent#1365947:#2506120":"s{\"tid\":2506120,\"uid\":1339032,\"fid\":48,\"area\":\"询问&求物\",\"title\":\"求大手子找下四张二次元图片出处和原图，每个30sp，谢谢\",\"time\":1743833004993,\"bought\":false,\"replied\":0,\"bounty\":{\"sp\":30,\"pts\":30,\"winner\":null,\"bountyUntil\":1746338604993,\"ended\":0}}","tid_recent#1365947:#2506124":"s{\"tid\":2506124,\"uid\":1339032,\"fid\":48,\"area\":\"询问&求物\",\"title\":\"求大手子找下四张二次元图片出处和原图，每个30sp，谢谢\",\"time\":1743833005511,\"bought\":false,\"replied\":0,\"bounty\":{\"sp\":30,\"pts\":30,\"winner\":null,\"bountyUntil\":1746338605511,\"ended\":0}}","tid_recent#1365947:#2506387":"s{\"tid\":2506387,\"uid\":623548,\"fid\":48,\"area\":\"询问&求物\",\"title\":\"求魔性 [国产] 自行收集的，口交，口爆，口交侍奉 颜射合集收集的， 短视频合集 看反差婊们全自动服务\",\"time\":1743832859035,\"bought\":false,\"replied\":0,\"bounty\":{\"sp\":100,\"pts\":10,\"winner\":null,\"bountyUntil\":1746352859035,\"ended\":0}}","tid_recent#1365947:#2506466":"s{\"tid\":2506466,\"uid\":1240614,\"fid\":48,\"area\":\"询问&求物\",\"title\":\"求图片出处作者，社保了 （灵狐，为你引路！）\",\"time\":1743832866995,\"bought\":false,\"replied\":0,\"bounty\":{\"sp\":20,\"pts\":10,\"winner\":null,\"bountyUntil\":1746360066994,\"ended\":0}}","tid_recent#1365947:#2506509":"s{\"tid\":2506509,\"uid\":2081720,\"fid\":48,\"area\":\"询问&求物\",\"title\":\"求【易直播】iess足模丘主管 第一视角美脚特写 写真级佳作\",\"time\":1743832728783,\"bought\":false,\"replied\":0,\"bounty\":{\"sp\":100,\"pts\":10,\"winner\":null,\"bountyUntil\":1746363528783,\"ended\":0}}","tid_recent#1365947:#2506886":"s{\"tid\":2506886,\"uid\":1684099,\"fid\":48,\"area\":\"询问&求物\",\"title\":\"求此图出处（原图和画师）\",\"time\":1743832853253,\"bought\":false,\"replied\":0,\"bounty\":{\"sp\":50,\"pts\":10,\"winner\":null,\"bountyUntil\":1746410453253,\"ended\":0}}","tid_recent#1365947:#2506928":"s{\"tid\":2506928,\"uid\":118259,\"fid\":48,\"area\":\"询问&求物\",\"title\":\"求一下91这个极品身材女上出处\",\"time\":1743832729315,\"bought\":false,\"replied\":0,\"bounty\":{\"sp\":20,\"pts\":10,\"winner\":null,\"bountyUntil\":1746413929314,\"ended\":0}}","tid_recent#1365947:#2507033":"s{\"tid\":2507033,\"uid\":100618,\"fid\":48,\"area\":\"询问&求物\",\"title\":\"求个短视频 叫操女儿对白强\",\"time\":1743832868841,\"bought\":false,\"replied\":0,\"bounty\":{\"sp\":20,\"pts\":10,\"winner\":null,\"bountyUntil\":1746421268841,\"ended\":0}}","tid_recent#1365947:#2507063":"s{\"tid\":2507063,\"uid\":1301306,\"fid\":48,\"area\":\"询问&求物\",\"title\":\"求这个bbc出处，体位太色了\",\"time\":1743832739433,\"bought\":false,\"replied\":0,\"bounty\":{\"sp\":300,\"pts\":10,\"winner\":null,\"bountyUntil\":1746424739433,\"ended\":0}}","tid_recent#1365947:recent":"s2343058:2514700 2356953:2514284 2483314:2507955 2486807:2317357 2502131:2279119 2506124:2276275 2506120:2275757 2505381:2275285 2501263:2219256 2507033:2139605 2506466:2137759 2503999:2132661 2506387:2129799 2506886:2124017 2498678:2017228 2493272:2010856 2507063:2010198 2486888:2000694 2506928:2000079 2506509:1999548 2461331:311883 2178539:264245 2486134 0:1743830729236","tid_visit_history#1365947:#2178":"s539:16","tid_visit_history#1365947:#2343":"s58:5","tid_visit_history#1365947:#2356":"s953:15","tid_visit_history#1365947:#2461":"s331:2","tid_visit_history#1365947:#2483":"s314:29","tid_visit_history#1365947:#2486":"s134:29 888:11 807:13","tid_visit_history#1365947:#2493":"s272:6","tid_visit_history#1365947:#2498":"s678:6","tid_visit_history#1365947:#2501":"s263:12","tid_visit_history#1365947:#2502":"s131:4","tid_visit_history#1365947:#2503":"s999:29","tid_visit_history#1365947:#2505":"s381:3","tid_visit_history#1365947:#2506":"s509:7 928:3 886:4 387:23 466:13 120:3 124:6","tid_visit_history#1365947:#2507":"s63:2 33:2","tid_visit_history#1365947:index":"s2486:3 2178:1 2461:1 2506:7 2507:2 2493:1 2498:1 2503:1 2501:1 2505:1 2502:1 2483:1 2356:1 2343:1","uhash_uid_mapping:#1008772":"s681:1631963","uhash_uid_mapping:#1048029":"s220:1964737","uhash_uid_mapping:#1052278":"s452:1623858","uhash_uid_mapping:#1104906":"s504:2040460","uhash_uid_mapping:#1157048":"s331:1984268","uhash_uid_mapping:#1241641":"s288:751957","uhash_uid_mapping:#1284130":"s432:1986383","uhash_uid_mapping:#1331451":"s988:723387","uhash_uid_mapping:#1340412":"s924:1451497","uhash_uid_mapping:#1346838":"s825:1374324","uhash_uid_mapping:#1414216":"s343:1920029","uhash_uid_mapping:#1441221":"s880:1713579","uhash_uid_mapping:#1443774":"s352:747345","uhash_uid_mapping:#1445752":"s844:594318","uhash_uid_mapping:#1507421":"s735:2052542","uhash_uid_mapping:#151128":"s658:1165405","uhash_uid_mapping:#1579379":"s562:30604","uhash_uid_mapping:#1599423":"s349:963245","uhash_uid_mapping:#1621402":"s128:1671095","uhash_uid_mapping:#1669896":"s556:1770148","uhash_uid_mapping:#1714723":"s596:1730165","uhash_uid_mapping:#1727492":"s608:1550323","uhash_uid_mapping:#1727896":"s67:1530534","uhash_uid_mapping:#1742533":"s643:1674902","uhash_uid_mapping:#1743793":"s725:515745","uhash_uid_mapping:#1759970":"s314:1273776","uhash_uid_mapping:#1793965":"s271:1801660","uhash_uid_mapping:#1852678":"s865:1163195","uhash_uid_mapping:#1870515":"s89:1613979","uhash_uid_mapping:#189362":"s256:1163045","uhash_uid_mapping:#1894310":"s550:1422061","uhash_uid_mapping:#1914518":"s581:1852070","uhash_uid_mapping:#1925197":"s808:1256343","uhash_uid_mapping:#1973050":"s179:895299","uhash_uid_mapping:#1973422":"s133:669974","uhash_uid_mapping:#1984817":"s107:2054589","uhash_uid_mapping:#1987336":"s731:1397029","uhash_uid_mapping:#2029788":"s938:1973811","uhash_uid_mapping:#2040302":"s656:832773","uhash_uid_mapping:#2053692":"s511:1076871","uhash_uid_mapping:#208624":"s932:2149967","uhash_uid_mapping:#2136623":"s920:895610","uhash_uid_mapping:#2185067":"s153:1010501","uhash_uid_mapping:#2200521":"s203:258785","uhash_uid_mapping:#2218916":"s98:1546044","uhash_uid_mapping:#2227653":"s675:123025","uhash_uid_mapping:#2269128":"s259:881335","uhash_uid_mapping:#2326187":"s838:1948648","uhash_uid_mapping:#239037":"s248:2166707","uhash_uid_mapping:#2490048":"s823:818940","uhash_uid_mapping:#2528996":"s219:1760914","uhash_uid_mapping:#2536658":"s666:1443265","uhash_uid_mapping:#2641351":"s757:1245008","uhash_uid_mapping:#265514":"s67:1081246","uhash_uid_mapping:#2696841":"s347:1340565","uhash_uid_mapping:#2778618":"s978:1633874","uhash_uid_mapping:#2808241":"s829:1532316","uhash_uid_mapping:#2832975":"s944:1495680","uhash_uid_mapping:#2835561":"s228:1014578","uhash_uid_mapping:#2837569":"s362:1363886","uhash_uid_mapping:#2838757":"s236:1192220","uhash_uid_mapping:#2846692":"s422:1383702","uhash_uid_mapping:#284918":"s231:2033855","uhash_uid_mapping:#2858487":"s517:948274","uhash_uid_mapping:#2943767":"s393:201866","uhash_uid_mapping:#2962256":"s485:1812847","uhash_uid_mapping:#3070380":"s505:669602","uhash_uid_mapping:#3107734":"s561:298234","uhash_uid_mapping:#3115700":"s141:1493013","uhash_uid_mapping:#3119067":"s602:1333610","uhash_uid_mapping:#3128007":"s928:1202675","uhash_uid_mapping:#3267465":"s737:982644","uhash_uid_mapping:#3283701":"s63:813275","uhash_uid_mapping:#328386":"s721:2032920","uhash_uid_mapping:#328845":"s79:2148261","uhash_uid_mapping:#3294172":"s358:1319176","uhash_uid_mapping:#3295214":"s425:109466","uhash_uid_mapping:#3321730":"s33:2223349","uhash_uid_mapping:#336561":"s649:1956729","uhash_uid_mapping:#3375139":"s408:743452","uhash_uid_mapping:#3421537":"s270:1754011","uhash_uid_mapping:#3425620":"s488:799854","uhash_uid_mapping:#343124":"s607:1440923","uhash_uid_mapping:#3479041":"s383:1331297","uhash_uid_mapping:#3518222":"s712:1764998","uhash_uid_mapping:#354467":"s112:1461698","uhash_uid_mapping:#3617228":"s59:1798063","uhash_uid_mapping:#3700729":"s960:1136411","uhash_uid_mapping:#3722477":"s165:385443","uhash_uid_mapping:#3731017":"s237:155214","uhash_uid_mapping:#3745605":"s232:1470948","uhash_uid_mapping:#3789305":"s358:1043661","uhash_uid_mapping:#381795":"s332:1015054","uhash_uid_mapping:#3839642":"s541:1176625","uhash_uid_mapping:#3840976":"s739:1509055","uhash_uid_mapping:#3849060":"s577:1120195","uhash_uid_mapping:#3884684":"s254:2305441","uhash_uid_mapping:#3914284":"s236:1265889","uhash_uid_mapping:#3943474":"s388:2162605","uhash_uid_mapping:#3953020":"s904:1114951","uhash_uid_mapping:#3992285":"s283:374336","uhash_uid_mapping:#4017230":"s554:1962017","uhash_uid_mapping:#4037328":"s626:1969767","uhash_uid_mapping:#4103196":"s740:2303186","uhash_uid_mapping:#4165988":"s469:906266","uhash_uid_mapping:#4180197":"s709:305899","uhash_uid_mapping:#4203810":"s168:1509313","uhash_uid_mapping:#4210352":"s933:1186283","uhash_uid_mapping:#4227939":"s51:1358446","uhash_uid_mapping:#42620":"s148:1702615","uhash_uid_mapping:#438205":"s244:1338117","uhash_uid_mapping:#441543":"s597:2072434","uhash_uid_mapping:#461948":"s622:236215","uhash_uid_mapping:#498476":"s688:1992171","uhash_uid_mapping:#508754":"s789:1407139","uhash_uid_mapping:#530235":"s836:327795","uhash_uid_mapping:#53720":"s112:1118878","uhash_uid_mapping:#590607":"s749:1227406","uhash_uid_mapping:#656397":"s500:839713","uhash_uid_mapping:#667235":"s603:1087532","uhash_uid_mapping:#67945":"s161:1531342","uhash_uid_mapping:#708497":"s740:2021115","uhash_uid_mapping:#710541":"s458:1742660","uhash_uid_mapping:#815479":"s959:1629339","uhash_uid_mapping:#837091":"s465:2173260","uhash_uid_mapping:#856220":"s232:1379739","uhash_uid_mapping:#863495":"s263:818660","uhash_uid_mapping:#873202":"s253:1637547","uhash_uid_mapping:#947013":"s910:1316541","uhash_uid_mapping:#987843":"s324:2053755","uhash_uid_mapping:#998052":"s532:1265386","uhash_uid_mapping:index":"s1048029:1 1621402:1 3722477:1 3914284:1 1441221:1 2858487:1 189362:1 3421537:1 498476:1 2837569:1 3425620:1 1759970:1 998052:1 4180197:1 1743793:1 3953020:1 151128:1 1241641:1 873202:1 2846692:1 4103196:1 1727896:1 1445752:1 3789305:1 1973050:1 1104906:1 2053692:1 3745605:1 710541:1 3115700:1 438205:1 461948:1 2029788:1 239037:1 1925197:1 1742533:1 3849060:1 815479:1 441543:1 3840976:1 4203810:1 3617228:1 3518222:1 2808241:1 3479041:1 3283701:1 3943474:1 3128007:1 1894310:1 3321730:1 2838757:1 1793965:1 4227939:1 3375139:1 1052278:1 1914518:1 2835561:1 1284130:1 987843:1 4037328:1 1008772:1 336561:1 1443774:1 656397:1 3992285:1 4165988:1 3070380:1 2641351:1 343124:1 1507421:1 208624:1 3119067:1 2536658:1 42620:1 284918:1 1852678:1 1714723:1 1331451:1 4017230:1 863495:1 947013:1 1599423:1 3295214:1 837091:1 3731017:1 1984817:1 53720:1 3839642:1 667235:1 2200521:1 4210352:1 1414216:1 2227653:1 2832975:1 1870515:1 3107734:1 1669896:1 1727492:1 3884684:1 3700729:1 2040302:1 1579379:1 67945:1 590607:1 3267465:1 2943767:1 2528996:1 530235:1 2490048:1 354467:1 2696841:1 1340412:1 2269128:1 2218916:1 1987336:1 328845:1 856220:1 508754:1 1973422:1 328386:1 2962256:1 3294172:1 708497:1 1157048:1 2778618:1 381795:1 265514:1 2185067:1 2136623:1 2326187:1 1346838:1"}}