{"options":{"check_for_updates":true,"comment":null,"compat_foreach":false,"compat_metadata":false,"compat_powerful_this":null,"compat_wrappedjsobject":false,"compatopts_for_requires":true,"noframes":null,"override":{"merge_connects":true,"merge_excludes":true,"merge_includes":true,"merge_matches":true,"orig_connects":["eemm.me"],"orig_excludes":["*www.bilibili.com/video*","*www.bilibili.com/v*","*www.bilibili.com/s/*","*www.bilibili.com/bangumi*","https://www.bilibili.com/medialist/play/*","*www.youtube.com/watch*","*www.panda.tv*","*www.github.com*","https://lanhuapp.com/*","https://www.douyu.com/*","https://www.zhihu.com/signin?*","https://tieba.baidu.com/*","https://v.qq.com/*","*.taobao.com/*","*tmall.com*","*signin*"],"orig_includes":[],"orig_matches":["*://*/*"],"orig_noframes":null,"orig_run_at":"document-start","orig_run_in":[],"orig_tags":[],"use_blockers":[],"use_connects":[],"use_excludes":[],"use_includes":[],"use_matches":[]},"run_at":null,"run_in":null,"sandbox":null,"tags":[],"unwrap":null,"user_modified":null},"settings":{"enabled":true,"position":2},"meta":{"name":"网页限制解除(改)","uuid":"5acd5b72-4fc8-4678-bf88-41bf82eee151","modified":1742985433347}}