{"options":{"check_for_updates":true,"comment":null,"compat_foreach":false,"compat_metadata":false,"compat_powerful_this":null,"compat_wrappedjsobject":false,"compatopts_for_requires":true,"noframes":null,"override":{"merge_connects":true,"merge_excludes":true,"merge_includes":true,"merge_matches":true,"orig_connects":[],"orig_excludes":[],"orig_includes":[],"orig_matches":["*://*.missav.com/*","*://*.missav.ws/*","*://*.missav.ai/*","*://*.jable.tv/*","*://*.pornhub.com/*","*://*.18comic.org/*","*://*.18comic.vip/*","*://*.91porn.com/*","*://*.91porna.com/*","*://*.xvideos.com/*"],"orig_noframes":null,"orig_run_at":"document-start","orig_run_in":[],"orig_tags":[],"use_blockers":[],"use_connects":[],"use_excludes":[],"use_includes":[],"use_matches":[]},"run_at":null,"run_in":null,"sandbox":null,"tags":[],"unwrap":null,"user_modified":null},"settings":{"enabled":true,"position":21},"meta":{"name":"老司机修炼手册","uuid":"df3705d6-72a5-443a-b05b-c1026c771c89","modified":1742985433355,"file_url":"https://update.sleazyfork.org/scripts/519635/%E8%80%81%E5%8F%B8%E6%9C%BA%E4%BF%AE%E7%82%BC%E6%89%8B%E5%86%8C.user.js"}}